insert into USERS (USERNAME, USERSURNAMES, USERADRESS, USEREMAIL, USERPASSWORD, USERPRIVILEGED) values ('V3BX2YXNLOJ2EALGSDAVJT3GWVQMDU', '7X1NGASU6LKKRG0JTXU7M4257IGQPFULIBY0TTNHQIE4DDRU0IFTMH1NLV3EG70OFP5LPDEFHU6E86N7GD3BOHP8BAFNLNM1F09MH5SS8DQ68MQVJK1BCPKL', 'NQILFMAV6P8N4A4DJNBXSXXOYQLUP1JX1LQWGH HL3OGQU4NSCT37Y79ASQKKMXJRDIIR8106XWH3RRIJIR2XTOEI7G6VOAVDKNBSO9AUNT57H5XCVH1OOYF14SUBI3REY1TFE43G KFF33RM9IPIKEN4UXBY4G87LRX0SS8SYCTIL 1QWHCY6XE016T8C384T477Y2MFTMBNOXPXA8QV371SN051UGSC8GP5VD305WIFUNT', 'E5Q6LMI1GU4NOYLX0RD0B8TNYRYGSEKG7J5JVVRT 495UW8Q4JJ7MK66OTMT', 'OSYS82HWXL5DB07NJ2SANH9RAC4X87', 'G');

insert into USERS (USERNAME, USERSURNAMES, USERADRESS, USEREMAIL, USERPASSWORD, USERPRIVILEGED) values ('881EAI7QMT1O5S8YWG6RP5LUYIG243', 'O6C0OE00WC30X34QO8 TK8M5MCNUKITET9WLNW5V25L18 GIGR36XBMEVBHJQ1BETLB0TAP145VNWBEC4MBOB PYGA9LM6IBOFXH MWT6B99 ECH2S5774HA', 'XQ3QUDTRM2QPKBGUXFDKKM0BDVY2NWUICIGRB2G6J2Y67K H2NMATKHN9KAX7DOHW6ED3YFY65Y7LLU3GKP0POVSB7CK9JN1I4YRQHKYD6FXB M5 O771WS2SBW13WPN22AP8YA0TA76D1K4FVVW0TJSSPUTEMGTA PG1DQ 4VA73VKJJ8LM8W2FGD9 7Q32V3OUWLPTSOSTBD9WW6FGRC0CPQD310JXDYV737MEAN0F69SU', '7DQNASQ5RRJT58E2MLRBM2UXF3VPFPYPEOUKKHY UW3KP8OAHS8SB2BDGX 9', '5PJ9HUI7Q36YEO0VTNXLAXLC07CEU6', 'H');

insert into USERS (USERNAME, USERSURNAMES, USERADRESS, USEREMAIL, USERPASSWORD, USERPRIVILEGED) values ('VWFKLN3OEY4GHEO06JUIIJ7AEDY5C4', 'FESOFOMX9EAOANQP8X4SUB89OF4AHD7RP330PYE3EA1SAXS35J3S8 QY731UE6UW50CCHBDNRB0NYRBIQ W7F040RIRHMRX5I7VX5TLH U7HPA8FQEGM UCR', '3DL0X5L1FCIBS0C19F1F6LKRV3FVBX3YHSGFM3S0E6A9R4Q XJ5X7XBVTINKQOPVFNJE2R4QBCB5NFJFNQBLN68SARFGTGS86IJ4VGUSRDINKUA3NMSYA1EKAYP1E48RW5AA3AUQ80T0137M07  E1KBSGJCO8H7LNR877N858F10L2UROG8MG15NY6UC6RBAE4Q0UIWUFN SNEGRJ Q1DW8NE0OD1VVS0O3UP8EH4XR4ABC', 'E35SMV9DUHFF0SDMBGB9E1AD0K59TU8VP JBHE07R VGNMWIIIRYNLC8AVNS', '61FRKJT3C4VQK9QWEARD1C0O KO7Y8', 'I');

insert into USERS (USERNAME, USERSURNAMES, USERADRESS, USEREMAIL, USERPASSWORD, USERPRIVILEGED) values ('LMG J5BQ83TE6GHCO5A4DXF4SO70K5', 'GRE694Q2GV4NI8WGKLR49D3FQ5S5WO0O875KR257LKSST6PKYK YVQ529X5BNJE6 GDQ24Q6C4M8M23SF0BU4S9XRPVC 7FRGFNDFOPK4LKF02U2AHD70SYP', 'WLE33OTRF0LE7T9PWGW6A0DG98XO5AOAVWRGOX4 LBN6Q53OBWEEHS1T4VENFAV7AT9G1MU4M4 N7K5OLVYOWV493JB4WM2 QYABWXLHWIO18CVN85HGET3JYWR1YI0JMAAPBSQDQSV2XHCHNQ3QA02JH  WCU5VBX0XS164ANWYRVB740109LU4B1DQ9CJX2F7P85L5Q09JK39UVKOCFIW51NJ39JXS2HVEYH8U21K5PJ6E', '2J1NBLM10FRB F9LGFWUP9LX JCLQKCQ5CEO6H26LYVY IMVL08ABXJ5HR0Q', 'TYM8ELRTFDI0QM1VEJ95TT3W8V V68', ' ');

insert into USERS (USERNAME, USERSURNAMES, USERADRESS, USEREMAIL, USERPASSWORD, USERPRIVILEGED) values ('HKPPTFSKNM6SQG0IA4PURCYM5 CXBV', 'KPIV76OYD9MMLUW27FQ9E3BIMSXYXRG0XGP3XVCBBH67OIUBS9E8MWM5H1VMPIMLYRDR5DDGTT9E6ER2 0YCY F2UNC7KLW5RQF4EK9X7B3X0YF2SY 40N4G', '1CLBBHAK4O52CQQIC56VN51N69NLSDTYMGI0T UBX749WX05WSDFH0M2XEG9 LKNKEA4ABYFQOHUR0FULYW1YQ7J1J33QWGLOXYRFIOVQQEI3MER9IE4 SOO5YTJ T6YQ2OPDFRQ1E8FJ5W2JPMMXEN SC3K2O3XC2T4OOL3LVIC4RN 3WH3JKB3GIGOOI6S4KUTBN82DPUL8HYRDU1JY3JNHNNWY85RHEE2LJCS6Q2WQ1UO', 'TIVEGH132GOL3QCD5A6UNWGGLXI9QWLYVV1MPXB4PLGKRARWV0DLLHQ2P JA', 'U2MR9QEHJ6FJK8A10UC3BJTJPPXYND', '0');

insert into USERS (USERNAME, USERSURNAMES, USERADRESS, USEREMAIL, USERPASSWORD, USERPRIVILEGED) values ('P2D Y6O3T6OA7 N 73RA62 ADFMMLX', 'K9K76DIG9O10G58EV8Y4JGC24J8NUYREEUWRI18ABBJQNL4K 8CUHXOWTLJGYR051NWE1GKIRIE5L4H4P5UE 68EL70R7Q7V15ABLDNY7I7NDSGT149QMSHG', 'UKIIQJU958LUFG94TRCQBBCFO05OUYW1SBB3VAFOM BL1LJ9D0L4NQ67KX8Q8KH6FP  PF5LYX0R4VLGCXA64ALDB5LHXYJIYK790XHR6C2JGAQ6TGOARBU7DLOWE0NDC0UN0GL 4T M7KURSW8GXWYY4H2EHD49JIWC9HA2N6G7XBLQ5RI3GWJ0RBI IIVLGOJ5RA1VFMA3LU7IQYAAHYWPIWX63MIXSK3AXX 82JHKK8KN', 'NE4K71SR2E8YQAH17XHVB9OSRWWUQ4UYLE8X0R9P5FHSO62CIRGNNWTIX2HI', 'KE1WI4TSW8OGMK1IQR94336VVMW0OB', '1');

insert into USERS (USERNAME, USERSURNAMES, USERADRESS, USEREMAIL, USERPASSWORD, USERPRIVILEGED) values ('CLN980O61FN76PK95EREFJF3GNWUFI', '2OS5U9CWV6X4G98I9TQ5IEWEXNKAB6HXSN8TLJ4GYST29DT3G5X4UJ8P8DS GI2S72WJJJSVLC5U3SFO4MVKOJOJOD8CSOM0N3EI51CJ I9QFBW7MJUYQMYR', '7IFJNJ0GD9D1CQ8P8D1MK6U42M6FNFBP7W0Y UGNBQ26RLYKDO GVP4HWVO112L79R85VUISA0EO7T82NARPHUV8UJF9CMDSS2H85D3C XX70P9TGABQFSUE662KIB3242AW1XRU5OAXVFYH33PI4HH10NBU071QJ9AC7VSUCSCKWURRRB8IGNS8D 4MN1 H5HDBOB0W3X4EMOXDJYBPLTI09NKVMFH21RI2W61OS6Q5YE91', 'NORCAY5FB0QVXBDY 7OG3NAOW1OJBNMWC6U7YTVI63N7R6WPYKUTVA8C0370', ' D192HDMU H7F8FCCUA7 DW5ET6N1S', '2');

insert into USERS (USERNAME, USERSURNAMES, USERADRESS, USEREMAIL, USERPASSWORD, USERPRIVILEGED) values ('AUYD4VYB71 CQKIXEF N4GIHQEVN69', 'YUBEIE9KF8LJCLER75LI5LKQ5I6D3OKALFJO78PHO8FXFI90BJUHI0K9TGHEAEL22WO9UGCTG32I4WUP73SJ7PKWMJH47CS0RFMTU39PQ7SPKMQCPME1DO0Q', 'G7HN981KJ9W4KQO75JVEP50RQUK4897JELJEI1D2XTIHJ3EQCEQNENTU6I077A P7VAKR07N4IXJ G4FEBLON YO72RQ BDDM5T9XVWKPVUFPHY70H1VH4LYWNJL6WTE9RB49YF35P6T0OPWREU5EXLH5OC8OHFPOC4DGJFHV3WWIBTH4T  BXE0TX8MW5 7ASRPLJ925D7EBHEUISHCIK6FOCG8LWXWGCWE6QV766ELWX60', 'H64TMHRR3I0KFIK7GUOFWTDF2294TSMQFVH37RBQPER4X48W701FYO5SE9XJ', 'RFTI0XSFRTS409DWYUUGH8Q1MUDC3R', '3');

insert into USERS (USERNAME, USERSURNAMES, USERADRESS, USEREMAIL, USERPASSWORD, USERPRIVILEGED) values ('R9 7YX8T1JQFSAV0S0RL4723UV6T20', 'J8 67QM4YFCF 058F31D8D6DL6QXHMVWE92R N4FUJ2UHTDJBPF 4L4EG14LG4WLXNWKQX1 IR58XYYU25PIIJ2YUUY2LEE RPSUX6RVYB2CEMKBBXTE769M', '8ONROXPKC8G4XGCQGED84OV92H083CK0H3U9WYFCE5RSI9YSFS4HQPJOUFNO73OTDWNFQEHNCY4EAN53GJB1PVUUFI4RYC7KYBRD2QMHHQDIOO0RIX9854C9OJEVE1ID6S1R888T5XLAI68WILC1N3AG9IKX2YOBT2IQ YFOJ7YFXT7N6F7T37LXVSWDVKCLN5E1ERX3PJT4MYW79JMLURU91XT738XFBD U2846N6N4JT0T', '428 LSRMOFIG6K3PD2KUM3W4588 WUH3J6IJQRSBK6HPAXJTDPM2QAWYIUUL', '0T3SYP 3J2WC2AETLLX4QYV8KDUUGO', '4');

insert into USERS (USERNAME, USERSURNAMES, USERADRESS, USEREMAIL, USERPASSWORD, USERPRIVILEGED) values ('6SKF6QEGIQOGCBTBB1O3L5L4TVXFVF', '9IUUNLEBH1ACKUC63SIH9RJ9KPSRBAK205HYQKKVJH D 1G3QX9ED4WX7JV4EIJYE9S EW6XA7RRXSISLVBH 99MLOGKG5CXKKS0J3AS1MIUMTGFAYSKQHXP', 'CFGUMP727VXWI D1DAT YS21CN5P5DWOXSUMLVKYRSYI8PDOASIPDNGTIS3OACJ3GN GCTHLY3RLR09NF VW3PMOXNHD5ALD799HSV4OYJFA2DY91DVUARMU8NFNFJBUF97AB8CXU567IY5VCLMIKB4KWE8X56PWAFJ2QRM3L8BJTR3WEOF9UOE3EUB4R2EYRX3H763 4CEX6LRR8WP2KYHQ289P6VMET6WSAYME7B3M4YPV', '4LUCOP3S3D03A JW85C2GQM8YMAEV4EQW3IX0FRLA1GY544UMPD113WG2UYV', '5O0N8W25OV0INVYURTHBS56497WDOR', '5');

insert into USERS (USERNAME, USERSURNAMES, USERADRESS, USEREMAIL, USERPASSWORD, USERPRIVILEGED) values ('10FBCMBFFSU5OR1XPXRXK9SROV15XW', 'BB15LEB7ICOCH 6N8P9CTRIPFPBLPVJUTWYO67CBX5JV211VNR26DSJWHV877VM9CX1BLS7J46YWR7KEPIXNVBTYP5T6R4LCVPKH 0HCX8VSMF3ACENEPLUU', 'PS0GH 0T62UOL1BQBV3O1CN6JC8FN68QM74EUG8PV3 JRS2F1Y1HTFA8RTTK4E8UP9YF7S6T6DPDP541LQ6 G0BGDGYWCI9SLBIOL6DK49ARXVD4LP6K5O7RT7 SH6K3R32QFN4EJE1SCID9IQT2JT06DDB26U0EPJYQJYDT8OJ58GC2QV0WMMIOAHL7DR5BPWOC6ONCWAH BT58IIW0V02ARDK5JY5J0P RX47I3OO1OH9D', '0YD2JOQEWGHCCWYWF5V0FS6DH20ECII NJIRSHCGM6C OXUY9VJC2GYR15MA', 'WC1JOMGCRAX1BPI3OICPVSJ173KKHU', '6');

insert into USERS (USERNAME, USERSURNAMES, USERADRESS, USEREMAIL, USERPASSWORD, USERPRIVILEGED) values ('RLYFRJAHONC7MAKASR568RIO2ERLQ3', 'GX2N8F589UY1VKF92BEH6GOOE7BLKPNMUV5CSGN4C8VH6VYT6TUEBS1RMW3XLH A0YGF1L35S01Q86NLUALIEQHQMUBNBI8 XGHN127J7NDATIO5GM7D3C0T', '2CQW4QR4R56BG8WRSQNRVFXXCM5JW6XAJAYIKAC8A7HSD5VP33PLGIC72429UDYNVK3FX 4R77R1W385V4B1J1P JJPJVATA0PVO8W6V93D726UV0IQFDGUX0FL5QYO0RH8VXU7R34UUBD4P95GMM18RLNBJJ8CMV 64XIHNDSY3IB7IB931CT47BEOJVP90YJW4HA2SHXHMWKX6SCFL2K9143LLOQK3LSR09DLHVJHN4COL', 'F 77CDMIQEXRF9L06T77NF1ADIJVS5LVBDW6M6QLW5L2DMPE13SQL6GWKIGH', '2CU6L52VNNKVQTYAPOA7KI1HYWS8UD', '7');

insert into USERS (USERNAME, USERSURNAMES, USERADRESS, USEREMAIL, USERPASSWORD, USERPRIVILEGED) values ('O2QY3MFWBPHYNJJ6HSCL1O6E5K3ACT', '0KHJP8GRJWUB6SAK3VY82MX5F1H JJB97Y7U4UBTM2F7AJCHVO 2J3X80X9XBYQEL5CGB97BX34NMV1LVCWY6BW4C3MABY6IFMUOH85G1A4KT2M9BG7GEENI', '46EQNW63VG6PAH T6NAJEQD1U25WAQLRQS2FD706AGOBJW032A4 C5DSK3SLUJEMXJP7YLJ51FIHKPO J83216846KWKOEJ7W1P4I07WPW8RXDQGR674R47HOO331O3KT5MQJ64DPPK8O8LMT8J18289 X73OKQQO467YL3JG0DI5CBKMNF4LYWYY27VN1VVDC743IHC96QQ6ILD42BCDEH3A45EHSJ3SMSON0EU8XSM FR7', 'V5WDIK4IW YR7773HJ6OY3XOYS1N9UUA6IPNTA4TG3NC S9LOGTXYTN7G85O', 'LDGBB7TQMABHUX9 VS0ET50RNQDTS8', '8');

insert into USERS (USERNAME, USERSURNAMES, USERADRESS, USEREMAIL, USERPASSWORD, USERPRIVILEGED) values ('DLNSIGXF3NV0U8X5RN84GHFKIHV5IY', 'KHRQXTC0X1TG4BRHIDOAX93UBULRY9O6MF1FUHH85EK5BTFOS98SFA2QXOYK0L4WEH 1ARJM3 GSDT3B86EI5USE4C927WUHPJ8TT54MNB5S36EQ1LXGED8A', '3DT3HUU6NGB42DFKNX1KTYK3J6WC4GWA7PNE9KLRKO6 P2WHMLD13WD548KNOSNT2JROHKXIIMAI6YY3868VGBV5YLGU0ED08K719MP UJCQKX9NXLAB9BR8S3EP02161S806AHWSTB9FM4G4XB98XEKDSBLWBAMVJ8P7YEWL865PFJT3NB1LVSDB3DCBFFOXDQPPQCQ9S62PK43YGEJVOLV5NUEBJFQC3E8GKT6TRO5815P', 'IMJ5MWAYKYPSI4A5 YWFR7FQI6OISREJRT0U 858CUF48XHKDHXEGU37HSBS', 'D5VB0FBVU37KOHXSSTFFY17UEHPKTY', '9');

insert into USERS (USERNAME, USERSURNAMES, USERADRESS, USEREMAIL, USERPASSWORD, USERPRIVILEGED) values ('7QREYXTA38TU63UM  UB86RTHHHFNN', 'PJP1HFAS9QOHD0HPNAC8QKOCEBO5T2XWG8LRA7JPNG8EDHJER  MUDTHDESNIX5R1PE0E2F4EF3BKEU8NS21GVHLX7FJXRSF1HR61MD WMJM5HNTTEV3 1X5', 'VDU62M6CCD6NCIW65W5XN4X 5Q64FMK1RM2XKUH47IYKA04GB6Y1UWJY2LD7VU JLRO9666H0KY5EH00OM A35308G24I1OQ4NE62AJUWA1YC46D06J QXPYAQ97QCJ32F5AVMJKXQB 8YT2X55XM15QQ53ACM452FYLLDR33A UJSUM22FHY3VB0OVOIJOJND2RMJGV8KFO54TNVQ5HDI MFL1ATL2T77TXUWLE6F53DDYR', 'KUFET2D9WPVTAYFLLO0HN1SEFQ1161LB8A4X XF9YU9MU4KYKSTBSYLC6HKF', 'NXKB HF61XRV748U57GOKG4RM5JP34', 'A');

insert into USERS (USERNAME, USERSURNAMES, USERADRESS, USEREMAIL, USERPASSWORD, USERPRIVILEGED) values ('R5506YDB7 C 591RDLREQJNUT8LLSE', 'YB X15EHWDI4U9HAJB17R6SPOSPY8M1M7O0H2E7K1HJ9U5G0I27HCPVLK64AH8GKDF6DRN1CP7YIF8R8 ORCD313R3T9C5CH23BB8TFH562CH7EY 9PCL55Y', 'P8ADVE8O8F8IB UM37SQF0Q6K4WBXM3MW0W3WR JJ06BER6NKTLE182T02H0XTSXMNB3AAB8FGU6VPYLRX4OQNJT11XGVL7D06WEBI WU5A3YEO6QLCTX6NV02DFOH6P0Q8ILQBNNRQLA8G5G5FMIIMK9G47PP6QLW1I7 CNM9LSWA6CSANEP4BL0TNNPAE8JF8 M5R3DVF98K9JHWI1879OD M3S3L1LDU2OVX7J3W54PVM', '965D67HAWMNSPE85XWA000 26E556161U69BPXQ8M83SHEWDSPRKNCT7KAVR', '51E12PBW33SGCDAHXKFQNAANMJRKBB', 'B');

insert into USERS (USERNAME, USERSURNAMES, USERADRESS, USEREMAIL, USERPASSWORD, USERPRIVILEGED) values ('5D807SBKEX79M3WIXTAUCFSG821L9O', 'EBMNVJL0SEHJ LKOFE8S9N4CG71GAGPWI IQH9TPXDRUYGAPK12DDSBHA7282DWN3FN81159TBJJHN2CGMA4WRYJ775QY1I1 ACKUBHCNU8FA72DYXRNBCSQ', '88LX4ULKE5SHIN82E42FPKT8LQW3U8RHNQP UT5 1Q38UEG6HA88CF4GXWGB2EF178QNCQFS3GMB5G1BASV7PE37UWQJUAX8AQUYVXJRBCN66SCH5TNM9BQUID10MO118L7C5LBTEMKW43JMDUD8YNOQ3AWJB86H7E8X9N6TWWY0LWBT3N2D2R69JTXF7BELD4J9QS8P9 ILIH22D8TVAQ6XUGXJ 3EGPVRGHIAFV14ABWWI', 'SKL5DRYF1350NKJ8N8GS6NRI40NR4EU78JMKTHU49M9EU8D5DIDG5PRR1N4A', '2DUV0MOVQ  L2JPFFO5HONV4A1GPKA', 'C');

insert into USERS (USERNAME, USERSURNAMES, USERADRESS, USEREMAIL, USERPASSWORD, USERPRIVILEGED) values ('IFNM8ULV683P670LEX02DE0JS2ETS4', 'XETJEE1VYI2KICBMKTIWJY3OS2K4H9490DTU94L1PBFL55UWMD4URHL3JCU5NUYEXU 8SP ET67L9JUWP 1PX5OJTE0XKCYF2YC MGNVRVB0O3UGODBGE54 ', '8XX3THA5SYVAPJM774T6T4P 0FU7T0G9HDV 3OQG3DUIYE2XMMPJHOLDVVU27F4G E7 4PGEG04QK6FTSEMBM OOJCG22LYAD6Q07VYIEI5WW6139RXOROCY018YHNK A7CL25HFCRHIOHYYOA2FV5NC8JR0ULDR845SXBXROXWM YTOGTQVAMA YNW0Y7AXM0B5A S6OF8TF8XJYJPUS0M1YGMB3Y0SR49Q5HADI1J5WR9X', 'G6RIOQ8KFP6TFQORHNPJR24X9JU7U1VVJY3Q86J0YHWXEW7WA 8JV5HDFOST', '5KDM6NWVAM0PGUM9RCU9JX78IBJ R0', 'D');

insert into USERS (USERNAME, USERSURNAMES, USERADRESS, USEREMAIL, USERPASSWORD, USERPRIVILEGED) values ('4X586SYBKG9U7LG5Q0BP1E7H5QW092', '06J69RFNR12SUDOE FUVP7 DBI9KXEDBHU369SCF7QHWYBU0Q82M3 0J9O82QNHLIVJOG0B4GY33RWJN9VDDWFFT1FTICC8T91S06RM6LWIQMIUFO9BOM6B6', 'HVYOI3NQTB2TX8TPV1J7UY718R2BQQG46IM92D2A3WGVF2O 4LUP6B4 UW6FQ4TJ6HY1F66 75AE4D73JY0XCA4Y80B81P9MF0EY LY4IA5XUTOF1H14WA1S7 9W71FSUOJIHH309TSEWT0HIX5 VNCBGXR87GIJ8A3P7HT2LH3CWMSQP7MTND6FL9TIF2HDA002O24OLD5U 79Q9NXG1AA14QLKNRVUO7BQ EL87T6GLDB0', 'WCU4RRUYU7UAHRLY2VT8B6B8N7BEXE1KIY27XHRBEEMAL4KE4QMO4 1QVYM6', '715L A5RB5SB9SJ120N17JF8824FEK', 'E');

insert into USERS (USERNAME, USERSURNAMES, USERADRESS, USEREMAIL, USERPASSWORD, USERPRIVILEGED) values ('KH1ANV8T2PQ 95E XE689 EYRXI 7B', '6NQ SU 2SC004380I2KN7BHD JLN8SGJ1FU3G5SF26I1EYO31878LAUL583X0H9XV67145D0 2Q1J 9YXFIDA5Y9 0UPPDSCWK G1F4 CX9FIMV4S SJ8FIJ', 'RQQ79052H9EP37XJVL99HJI7CGJBONI6PAS YWTJ06NVBVI1B25U07S3R7S2HG2VFG37361FX  GC06 DWK3TY0E57LWRUUPAKPR5Q8RDI6DKL429N59J6EP3 TILSCEFAX4 BHLEV45UH6Y42R17YUK48G5JXRMYM5CSGG3YHXSC7UF09EQ97WMM0OLGRX6VQXX9FKBWYTTQ5B7WM75LLRIWNR5RJCT551XGAUG0B7A1GE3', 'JRLIVKOS8P5YOMGG63NT7RUNKW38BFLEDKAP1533CU32E33RLVFQWM 6 9SX', 'G4SVG 9MDJF7CU4TVFXFOVILRRW1DO', 'F');

insert into PRODUCTS (PRODUCTID, PRODUCTPRICE, PRODUCTSHORTDESCRIPTION, PRODUCTLONGDESCRIPTION, PRODUCTSTOCK, PRODUCTIMAGEURL) values ('07FD4WNBC6KMSS344IEPR9XIPJX8DC', 15, ' H37P8CGMG3UND60XC7RL574UE9M43CX63L3TJIAG5WN24MPKSGFCPB43387', '3QJWY7F D4K I67UUM3JJCNDYGEAT2Q5JDJE20S6A6IRX675VD8769F M3X801X8W0BCCSMV2EF1L0T 3FTJ184SQCRRTTJPG3QHQ2IGURRNEAIBPE8J747PVSGFVX9LDDR6I7RBMF7VMGB7V62S8PSLG8RC4LIYPWI8FAAXBVJKXM QK 0E GMHWTJ4 YCVF A0K7PRRWP4GSV Q7Y1TM5BH UW8THHF8KHHLABPJUHPO057NVVGBE5DDTD4S9WIJW12YV4S372KT4CRA0L1C60PYUQ7CQDD23NPH2QJ87UDHJS0GNF4BS F0FQKLJ2L81U573SERFBTSAQIQC5MNC6H16NLL28ORSMIWSVRXNK2L0EQ P3XJISNU B41962PMKC5POV4P5MI141DJ0RXOXOKR0EGS62BWSOB1WX5O5G B7PATCCKTT7KNN27XMW65VTIL9 YQ7W7I0XHNX70MQQGXL6DOTP430LOXH0VAHQ7WXRXC8CIFXO72T6TM8IAKV5H5DXGUO2PED8VA5577OG1NRY719A4LP3G2RJL21I9NS7X48EXLC9GEFQ VDVAB7ET6HIERB08WOIVJGBDVA', 3, 'NOTIMAGE');

insert into PRODUCTS (PRODUCTID, PRODUCTPRICE, PRODUCTSHORTDESCRIPTION, PRODUCTLONGDESCRIPTION, PRODUCTSTOCK, PRODUCTIMAGEURL) values ('9F 4X7O9Q7K45AWMWW46797QFRXG0D', 13, 'C273 EHHM4YW4U UW0NTG7Y3W86MMOK1 9X4DP S7W9QIB9S8YNGH1JFL27M', '978B8DP30R2QILKFHBYS Q1IUVGDIX1WID9IJDQWDSD07O2HY0SA5MNWUAX3YUNL BNL3RXEKXSGPM2NDII5RL C0S66320ULNSNU3S6005XNSOT12NAE3VISELSRG 5288D2RIU44ET1FN267R32DV0IANM6H704BNXGV016MN2AEDD SNI5G6JE02VYJW0CCW15BSGE756BHXVFW71I4NQMDO96QXO82 XNS1UUTB3A70LJXINC SE9GH1AYUO6I1DWSJWKNPEWT0P4JUX9CR98NM13WVNJ FO7JUFG9247EYD PKXCFC4EJDLX1U8I3KOC229BEBWNTIRRO88 33SL49JFLA66P3SF806W4FS4P142WJ02225FKU9NLC7N UU0L54UUMJWHJOC8DWUV22JDYQ2VW3SCOB2KLYO4A9NCOR0QP4YPKGEBHCM0DMHIR5X94LUXWPI9QOCSRDHONAEGJ4KCXNHHBTEN42PF44W0PQL UYWM2KU4CKL2E1FKQENGQBH4TAS46CT9FL2389YXBQU46OVBLE95ODEQXIGXGX2U7OAJ8EUS06S5DHBJNY72CCHAKOMJHW86X194R4', 19, 'NOTIMAGE');

insert into PRODUCTS (PRODUCTID, PRODUCTPRICE, PRODUCTSHORTDESCRIPTION, PRODUCTLONGDESCRIPTION, PRODUCTSTOCK, PRODUCTIMAGEURL) values ('AX1OBS11K2UXMI0LWAD1RU910PFJH8', 11, 'PH99TK537OLW4HPBALUEKPNQJ19L48H4J9IK3LA5A4W89C664115USCUA6AB', 'KV52EQSF4DPMW8R9P634EUUR63J11S8H ML X3UIK9VM4IPA XWRCHS LK7L79NN0SC46BKQUUAK3JHL3GL0CW756Y66L3PSBFM787R504CPFP4AQX WSDNSFUURKKS2LSRFNFQV4CHS57BNISXVDVDIT6TTTSWREH8MECLY20E2O0EXWQI0B78YP2UGHKN46EP0U61LNYXCUVDDCT T3XRSC0S64LEFBNYHOUDYL9  VCVA5AQGRF4OXQP4OA5 1O C54O9JARUFQ62JQ9HLT7DI7TXGTG7L6WJSJKP QHBK490O0B4G1GL3SGR88OG06 GLEELDIMCQERKL8P0HQ15L05A68Q4BXN2XS582URDS8X67UHEAGSVRRLRUF7PE IVMKGXB8NF01PAEHS1UE6LB5MX84CN269UUDM29F7 22OEW6X6KNA7VM63OE3H1MVJ7PL1 JI41B20E6FO90YLXVG2 81RWQC3QP AGVRGFJRRG VU53KPXWP6D7C175X1TE18I2B24CC5JH3KVA8K7XFDEUXXCWYKBKOE 1RLF10V1P09ERO4 J703CB2P5 CGRHAJYR91SMJ92RU7GDE', 12, 'NOTIMAGE');

insert into PRODUCTS (PRODUCTID, PRODUCTPRICE, PRODUCTSHORTDESCRIPTION, PRODUCTLONGDESCRIPTION, PRODUCTSTOCK, PRODUCTIMAGEURL) values ('P7JA958MKQRVJXJ8MBPFYJ77X4B4DR', 7, 'OKQ57YO6DQCJC9OT0Q9VK890DH4YFUYSROCUQT9UQ7 EXIT34N40322GUWXC', 'DKS2URQ4IHOLUCPGRA5R3HPVD8KU44AJH350HU SXOV JD8H5SXC2TFJI5U6F87K7ICU98LUYTLU0TL04H9RX9NBN17FP3HNGIM4Q8Q M9YY3B N0PHC02U PECO2S5YY1CX0171QNAN1DA3 11X0A5BI15G 6WNEB2THJHU3Y1RJ6 18BKV4PE7T OYAV2 DVJY1GQ8EDTQOTA8QRV2UX0I7N4S9BM6BHK0WAP37CGFW2 GFRUY7C449LU6MP9JO876Q9UD1PTC3IKH62MIH4I DTBTG 9EQIM5MH9 9H0GLJ66RNF7I6M1YF9Y8YM3NX480QQY70BA2AMESSP2G8HB8YGEU5Y LE87TOM82X3VLOC0T2 NVTVUE5VGNWIIJ4KEAN1XY3WSRGF DC 2R66NH0PYBAA3GMXM4VP2WPH5F3O9ROMXJFHUHX6A07T84M9BGA SV7OMXWITBJWCYDFKAFSC7BDEA7PCRMX7NEIB0WYO7L01AOGXOG3LV2U6LNI6XE7J 870TXSXITB73PJ5C4W DQU3LM4TBY6WK11WUMEL9FALFODGWX40E9IRRY3QMAVLXFJR3DTUC MHPKA1', 7, 'NOTIMAGE');

insert into PRODUCTS (PRODUCTID, PRODUCTPRICE, PRODUCTSHORTDESCRIPTION, PRODUCTLONGDESCRIPTION, PRODUCTSTOCK, PRODUCTIMAGEURL) values (' EKBOXOWYDIJH06KEILRMDPHM3U3MP', 2, 'JJRTB0DA0CXTK L1KLE4PVO80P7LEWH907DOQPJNUEGWPS3QOJNGB G7MMKX', 'TJSP4HSSEV5 0CYVH8DWVERSKA4OQ498K05N4Y5VUS84YQP0OLB40LJMOFQHSVYCGLMXB1TO7FC9GV4CQ DTLS8J9SLTH5OOOVO65VMYLVQ2T T7V3LU9FHSW102W0EMEQ3JCD2G CQOT1404VBNYVLMY2E5GEPLN8OQ37AXAGURLTX7IOY637KEU5CI2WV0DUFX X4891SLRVV6Y 2XGA2DSRN6Y0TCE9KX1P07NACX9I7F8NGX8RC YN6NTX64IFCYNO4P1KJ0GVTI1TYO12DKEX00QN5TEMAWLK6OXLHP5VAX1VOAVFRL2XDT7 M0KD1142N1SEIDJ4U9QGTD6TRHV9M83H6BJICAUIMSX62U74D4JLQ2R2BRKTAUQH0CP460S3TWJIQL63F5SH 1VN XUT3VU5 QBLN7DQOFU8BJU350QN7I4 0JBPV1HCM6LL1BG79GTFQ51UGEKW96J496H9MJ7R4EM2PCA 91FH1G 0S29C4DM1AGQGH7XXA5G89TJC2CK4H AWCRUB T7CB0DOSB01M6YMFS7EQJ 8HS OXA5H4WJJ6JNG0O55ABY 2VT0VSB3JIJ91G R GBWEQ', 18, 'NOTIMAGE');

insert into PRODUCTS (PRODUCTID, PRODUCTPRICE, PRODUCTSHORTDESCRIPTION, PRODUCTLONGDESCRIPTION, PRODUCTSTOCK, PRODUCTIMAGEURL) values ('CCWTBRP6NYH4 CJKMA4TSSBCDW PM0', 14, 'M41Y9XK7RR52Y2UGD76RLL 7 CML3K7LDYNTK6CRKW9S P8B9H4GIDW 0204', 'OPSQI22F6F967SWB77EASDS4 C8WLD5DHJWBNEECA97EN5SE3CWQ0HY7RSM4UU96 G9VJJG S57OVA6BEM23TV0LSS2KYV7Y24 EHMYA5 TRW7DDDD32BK08HGOA8T4KGJBCBLD7P OWANDX98AXYFR453PQETTUS0NR66RRQMNUX5SC554HM1NA0BJ IUPPO3L6NVUYDMNY32W33AA0LTRQ52PL3LY3KNUPRY2VP2V2JHNJY6JDLXSKMG P3KAXTRAYUJGLQ8LJD9M7LKU OC5WC06YT148QUX3REP8AR8A341KRHBQESUT5FCH02K HL SO77Y7IFQOGU62983LRLKRQO1RHBA6 S87D X5NWVGJLM3I00OLQAV8IUNXS7T9U6E3OERMM75DHG8470ACA81JBMNR0TAYUXNBOLI5MQYPECXAL4KWWONIQQ27OBEVJ9TSXST942D6VXDF1Y3WWW59M O76VX4YI423A07K9F33XSAMKSQ87S8WQOIIOF16K8HHGBLFYGMV17VJL NL0Q6PVMOC GBJT531NU8FB8NR1NI48GM7N31BTHY 1HVF7ESEAOBF0YWVO0RW5CF1K', 16, 'NOTIMAGE');

insert into PRODUCTS (PRODUCTID, PRODUCTPRICE, PRODUCTSHORTDESCRIPTION, PRODUCTLONGDESCRIPTION, PRODUCTSTOCK, PRODUCTIMAGEURL) values ('UX4AKMU6028GV69I GILIW3TVAAX9J', 17, 'HIB72NV63NS8QNI1GYVXDSW8KP4X745KTRAYF72EWB627B92SS867X5GUQIS', ' 162G6A6OH K6BQEJ17 CESNSI8J5OMF2X JIRKSQUTF3G7BOTBW2WI9T0D1ANAV6V8UBWFWLWTKVYOY5S E0Q6F19A6VDC36I8C72Q5ICFSAUC5TR42NQGD4IHJCT8XURGWSH09L CIGX RDTS1WJOBM9P9JM57VVJW67E0V ALYS1MG96Y JWH2BT QCTTUA89U0R49S8GPUNNLSL1M P6TRTYK7QO8THFNIKEN49328KS99L VUGP7XVU49YRGHCEW2XPQ N0VV8 SWU29U3FDHCXVD91SN4PCUOW7MR68IP9G651OJ8QHBP1O42IHX5D0R8UNN67QOSNEVI8FA60JOKFUXF8N71 GJQIHWN5FLT6PY1H85UQF0S02X2AANGNLNXU3G1MMDVYCT0571UC1395E4ERBQB0QE8TSRCT6UN371X7WMFD2 5QE8FSM8L9MUQGQHSDANIR2HC07BGB5 P8ZRULX4J3ET5T1MQIK6I5NB1KIEJSUPCNE00BVPFPLXV PDN 1MAGJ XEITVDM2MFF3X70LSX5L 2MB723 7X783IEFCPT8CO6U9ISN80G 47L87JMY8V52RHQSGF', 6, 'NOTIMAGE');

insert into PRODUCTS (PRODUCTID, PRODUCTPRICE, PRODUCTSHORTDESCRIPTION, PRODUCTLONGDESCRIPTION, PRODUCTSTOCK, PRODUCTIMAGEURL) values ('7KB24JA85QEF6HX4TXCB3 BUOQTYIP', 1, 'R57PXWMJMC4X1H 6E0H7CEVKLM3L8V1Q9NXDOSY58MM7COQ24LSRDBK2UAP3', 'PMBX7WCKM0MT82PMD8NST51JMRADG8F8G0OAFP4OQ3WOOLPGKOMMCTWCUV9VYW2V5DKF7H86BN5HC3S P8GH83SL0AC2 QW2S1DGA6 HHMPP8UBH8UKA UBQ43EPRE2M8KL3UKB07BY8Q 99HPJIEQR73RFYVEDCATYKE8T7DAILMC9MPB45T62FUXMM9 A4NY8N HQJTC3T3LLX2H9OVFSX3L9YE7YRYDEMYF0J7MMER67LM9 7MH69I0VR2V59PROA3Y6Q7J5GN9Q2C JBM44XNQ2EHLAHB4A1LRHPBQWL6WGR49A3PW6K0LNR8RGG4QQP2AS3 68Y5U86P0R886LR NJ8EJF6D5LRHSOHI4N7SNOVTGNVU267TAVQEVMN65N4A9AK52VJSN1D10TQPIHKR7VS2I1 LVU99II23VQP4Y68UF83B6OJVB CMXG8LQ87O5TOCK6 9IM4OS3OMJLW7VSYSG7K0C2G4HE6VJF53YMNTDOUWUPFMD PJ5C5NPQ5MP2CKFRKUS0HIQHDY47XYKH6EUJ540RUOPA165L178ADWT4OW7V7YLBG785S2TVO3773FYM08BO0YQDN9P67', 17, 'NOTIMAGE');

insert into PRODUCTS (PRODUCTID, PRODUCTPRICE, PRODUCTSHORTDESCRIPTION, PRODUCTLONGDESCRIPTION, PRODUCTSTOCK, PRODUCTIMAGEURL) values ('99LWR6F48AH12XU8IU92LM8 5YRY1T', 8, 'MSWJOVUDQL6K6EWQOR8SJOI41A86K5JGRHFGFW1MPO94WSS0QTCTARKPDDX0', '9QN99N6BXWYB4PLFUBLDFUX7NY7P2Y7RDOWR8D824C YFGVWY0FLNEKRU5OTL5QURBIN8COBXI6C3I7I427O8ERH9C2GO78ERT77QBHEK0TPKPB8PU63TX88KUSOHVQGNPS6NU7Q4TEVRNL2WYRXK HYC6D1KN01LP7XA97QN2M4XR52TAIQY8MI06KMXSF5NUNACNCT1A7CS5OAG15NX6EW  80 E3YTHCM WAG385WEUKVRNIBR383J1FEIANJX7TTOP85M KPBJUXLVMV9275VYBFP4I1UVLDEI3H7SQ7FS8MOPP1IX121R9C79PP6OH6IIFYFC0F0U17NI23294Y3PRW1YVOM1DTOQH8PG2SUTBU2T7QVIIXW9GBL4C8LPD95 3WFDKF1KPUFISBAUX5AA7GQJ5OKOO3ETTMUHGU4QIG1RLM27PRYWXMPRW9V8OEGLT44KR52RQ28YM1EDU KESO42XEOXXUNGY2DMO06T0 5UYGVV12MI121L6E6N4JSBPAJYKK7XKMWDWAE LAK45OX69PDI371W9IJ4 JDUFDGUVIFSIXRHP NHGQ7YV1 MEK6 J4645QQTGLQ7FB', 4, 'NOTIMAGE');

insert into PRODUCTS (PRODUCTID, PRODUCTPRICE, PRODUCTSHORTDESCRIPTION, PRODUCTLONGDESCRIPTION, PRODUCTSTOCK, PRODUCTIMAGEURL) values ('RDRY RB5R4JS5DMY7U9ICV1KJ6LUTI', 10, 'W7U7A72CCIA13SBK6NWK3A4BC0LVEXV4B8IWTIHIMC2JDWOA5OG BTTT5FU4', 'F2F H PXJMMSMTLB4O44M3 4J4EJJVMURPA73VKU5IORDH N0NOR3UU3KVLXE62VSEAOK5A OWHR1GBGCLEXCAC7FG4TCDDVHIP1DNRVPAP4UB2OKHJXM4N0OK6TTGR9QOVDFVJ5PJ5QEHBB LJNHSN3P543M77JASCB07VE2QP0P4SBTG2KXHX4WHIA0599W1S2VQKB28IV86WS9WVJDAMRG10MKO5X4X3C2F6KXQUSTDQRB2U3O MQJNGTEUR5F58D6YVUP53SO7YCYA3904FP7DU5XLNJAQCY2RHXFQUDI 0N0AVJ036IFMBF0M1RY2SD44IK1 TLCSVUA0J P1PW206 WCQFON0H223LBPV3NG85GNN9LVHPVHXN92BBLFMN0E2U1X4 AMGR1RXGGBNTK95T7RV5PIGQJRT7R1PWKQJXL479KV 2OSMG69BOYDE7MHJJ3M 14 4YGUJUMRYFRVA 252Q7OL1KQYUGNH43BI5 82YN1MT6K8D6SA47H8P7GI07AVE IOVAY5V4LR887P67DRPL1S7OE93L1YOM3AHKX9BX SO6E3F9SYEYXS5L1 3RLQ8EGJFSC0OCLR6', 0, 'NOTIMAGE');

insert into PRODUCTS (PRODUCTID, PRODUCTPRICE, PRODUCTSHORTDESCRIPTION, PRODUCTLONGDESCRIPTION, PRODUCTSTOCK, PRODUCTIMAGEURL) values ('V8D6DWOCKJJL6 NH4P JSK UG7753F', 3, 'XLGMPU34S7GUVRG3TAS5GCCVUDQIJT7YS965DBUJMDXR4X6RPG8M3V2V 7H2', '22YPUR 4QYYLWN32U2BX MF4WP9S3NEU C04VSKTBA751BL5QQ05HIJ1QSX1834RTQ4AP56IYAI RW7EE78SHS4O L4BANX3EYCF1WV7WP3RB A0KCNAVW1LBH436TI I0T80VDX7FAPA0W5YDYM03WD92CC7X8MS9WW5P3TWRMKQ6P26N4AMCWKB8DK324AR829GS1XU8QL1F0YP 6BVHXTT5YS 2S7WU0J9AYFVMFM2JU50CE9C2IT08YMDLLNL7IMB75IP1P 11TXC049YFS839G593I03RJVS9PD VOIL89M KWW4QOS49N0YP5LL7749 897SMNS83M2UFBLWM83HWC7HTS6KRUPO2FUO B3W BL0L9KLTEWJPV75F2U2P JG867RC DW66JGDXMC01C9RUIAMSGBK1I6BVLLHLVOMMQVY1RDQ14SWY27MIV34 UGMU4WAQ9GU6Y8MWDQ39UL3KA1DQRK8F5S5IUSUFO95DUTWCA8UN0BHFXOE R20DFCGARJCAKTFR05FOQIG43YDY7RYUDCMI34TMQU7DTR6XW2XTAY MCT80PSXW2CHX X50KKXERDOHWMF50O78', 13, 'NOTIMAGE');

insert into PRODUCTS (PRODUCTID, PRODUCTPRICE, PRODUCTSHORTDESCRIPTION, PRODUCTLONGDESCRIPTION, PRODUCTSTOCK, PRODUCTIMAGEURL) values ('DW29CANP7FDSRN2ENLY5HLNR81 A4I', 0, 'QPBUN3RX1TKRKF06UTNI49TLH9UO TOODGDE4L0NS9SHU  LT4YF6TGKFCJX', '2EO G TT492BCA1 WW6J2TQ4A8 LBOIXDJGVTDV9UO3WRJQ3DBVGW0WHAKUN2O SBDH3NQWXCCDDBT2XGLYFQMCB0KHAH6BWU9UP5NEKPEX0G1N3KPM9H5XDFFF39HVGSVS8YILWU6VN1VN80057JT3EGPF3EMPJ 6QQ4F8RNBKLBRY00213MN17X5CVEIID1F6U2CUXXRFOY 05PSWCUIIOKU8K4RL7K3UNN IBAQ3C1K2E4AJUR 0M14BUVS 91 LU4S1SEPCH19WI71U0DEN0TNWWASBTU6GN42W9OG3KUQ0BRQ S0 6QEBJFHQX8A2LQRV6OK1GJRBILKD5PFM1S4CUPYERTK8CEH L0DRN G589A9SRU2B486PHMCF TN7F52LBAB2W26M7HXGJTTRTXK13RU840IS53I9LGIBV34SCL9V3B5RW8L1E314N39XEYGAYUL20HHGM1CW2S5CH5IYRRTN3VPJKWV2HG06 IJ312KKL N9OK082AT3Y4URKCJNB2GQYXBRMVO3D49UNAWISLJCQG2VUAWPMG0UMVO6FJLTLUF5JYCIV05Y0FY9E BLM9XW7W8RI3L804BTM', 1, 'NOTIMAGE');

insert into PRODUCTS (PRODUCTID, PRODUCTPRICE, PRODUCTSHORTDESCRIPTION, PRODUCTLONGDESCRIPTION, PRODUCTSTOCK, PRODUCTIMAGEURL) values (' T74PQC1377A615F0UYJY1Q971D06E', 6, '2H2HVDSTJPCPKDKO3Q1CFLWALEPFH1XS7LYF9JGTPTOOAWMSOUWIS2XC5OCW', '7U6UBO6DHDJP5VBJ1UDHYEI1G6 WFW74J2KPMYUH JFT DJM8LXRDC63D7X2LXAAE2W1III07VTBYIL58CCUX13WMP UTYQH23LXYQDLB3SA1OFIBIM4S89NT4B4RAU0SR60CQ8 E9HEK4P0NSUHJGEKG16AH0J9OVBGEFMYFNBRATP1B6BC50RX1G18G0HMSKWXCJO9BTS4DHC0B HO0YE2UKHHI XJ3AXNRI8QTNLOEQ9FJQVXW8WA5UA XASHEPKDMNP8OAJ7CWOPS9951FL 44AAE8OXHS5EDYAMH5L J1IESOKU1 FIUFMG RTG T4IS9PTQWYUU2C16EU5V5 A83I17O3JJC6247FRWKV4DPE7F39N0VKU6R96WJ3VJ41 Y4IGAFTQRCKI0P9H8 1LHCHJFP  GCPLB7QU4 E219DK8IABT 13T0T9HBOLIB8WOFH1J2D2KG02C03DC9RWR85359NCWQXBUHU1LTP86RBPI0HDVW3KVSF9Y74 SI6W2VI 9LGJ4PT7SLFLWUMQHOVKVOV84XL50XU D3UK0ONC354U7QH2 7Q96WGVUGU5PPW7P99DUUOWCAVE41L6', 5, 'NOTIMAGE');

insert into PRODUCTS (PRODUCTID, PRODUCTPRICE, PRODUCTSHORTDESCRIPTION, PRODUCTLONGDESCRIPTION, PRODUCTSTOCK, PRODUCTIMAGEURL) values ('SYKI6TBCOO1JGTPB25PEKNEWCVSRPU', 4, 'EOAW1DL08GA826P0PXAGBRPSU56TJHL4HMLQ XWMUA02TE03TQ4CAP WTD67', 'I J8MXYQRWVGO2DUXBAJ43CPB 47A0GU9WWUCJ8NLBO8QML5MSM8O5RMNEHKRP7R72LYYCQH01H46TJBAG33QIRJY1QH1VPPCYJ1BQJ5IQMCPTVO9FQBYFRDPPTC06EIG9V1VVFKKBMKDNXJW1QNGYV2BFU6YWHYC0THCPVQIY42Q1N9EXFCNXUM4J0HL9PYNHSBYWXLM4 MMJO7U0A7GY309NQB16IDX7D681B82L6KEH9S8JXI5FOBXOL8RC26N1936CGOVFTPRYDGJX75FIBM3SAEPA2964CQ8WE02W7GTULOK 1HD7F PGOE79 OTUN74KUEHMSP3U5Y2QJGH60LLFSFYBVEQWC84Y6Y H6VKDYUNJ IO0SKIOT75BGI19U THFV6O4 JOLVVYTLB 253K3X9U43Q6K78C7DQLJHRRAO6WL816WKXN3EBCY8P587RIXP4 HFDEVWYK1H1GX2FSIWL M3S1NSAQJ4RV8E 7V5GD2WUFHY 649XQHVPVQ91JP 0I5GHIJ6V2PKDKIJW6WVFBKR23OHM9PL1IR8BGMN8N76 2O7AJYKP9I DBRW4 IB0ORW7XPDKFVTFX8B', 8, 'NOTIMAGE');

insert into PRODUCTS (PRODUCTID, PRODUCTPRICE, PRODUCTSHORTDESCRIPTION, PRODUCTLONGDESCRIPTION, PRODUCTSTOCK, PRODUCTIMAGEURL) values ('0XE608D0WHBIR6 B3AJ THKSV2NRMG', 12, 'E 3AFYP AL 7JY1C49DY1AB2V8E0B472DOQ3BN5B534838G41WP 6GQD84SV', 'A9KTPWOT4IDF0KRL 615DOW3R 99VV5AWL6KVB1KMU4I3PPUVFK6E50OK61OVH1LY3CAXD7L5VT5PT9IJ3IS9MJWR51UF34PCLU 4PJ7TCAVH414Q587D5KPWB82WTB4P8L92SXUQBOQIN964W69KIW IDR52I7FPEL4QS XU45BA6TAAT A0C O0BYG4W05UQ38KQ0X0F3QP8A OSG7D0VRRE8UNFMWJ9GQDDWA241N27UWQVIDNPC8Y68SPBKD6679EA9KNDP927EQOFBR9DS4QGP6NL15Y102AT9ACNW8U5F4R62U3QAJ6DKIB2V01LRU23U2PQNVWP5S117LDBIJ8BXSXALNG DV7YJI3M4V6EDIK9AJRDW9QX0K4NDT8K2YJ6J9UNLM FK17A3SA0FVH67WWA0C5Y4FB5Q 6EKW2UX7TYFVG2TK4B1ER4 124 585LD7RN3KG8T3CE 37EK8U97IVFQL8AID6B8YUN32VYRQR6RIT54BKPYE04CDTTE63P9E4HDHH7Y7W5DD3RJQJEW4TJSUNHCKG9ACB9U6FQCYLRJS1I3T4IPPCQ0FQE9TL56JE80 O UE4PI8ED6', 11, 'NOTIMAGE');

insert into PRODUCTS (PRODUCTID, PRODUCTPRICE, PRODUCTSHORTDESCRIPTION, PRODUCTLONGDESCRIPTION, PRODUCTSTOCK, PRODUCTIMAGEURL) values ('U5UYTVD0YERDXYGTUO K76UPADHMKA', 19, 'GH3 WAHTPC2GOCQPTLYIIO49HRU EH6SMCGLGVJ7IJC5VKD5CCWNEBTAJLTM', 'R DONEH0GGTOMQ3ROOSW W1HQWU3NQ 5N0HLUM7R3F3O4SMXAPJ3UNMB6P4LACMFJFGRJD CIITTSFSLUC5NH66DQKNUWC7GBQ31FVITOXP7K6ESQOI6DJQQFTR8MMDPTNETN16AK4LISCTF84PV8M J51WNXTAOS9F0ON1W TJU5X6JIEUDB2AXN5NJSFXXVUH2F6RTO1P SS68PFCW87P3MARWKOU L2 Y7YP8A4G4AK8ISIO70BWAQW77YJ8HFTH6R1WEEN91KNDKN4HJ2A6PFP H5TY1Q7RS7B LHFS0 8AH53LR7YKM4QDBO4LBRQOD2E91UOUWB9CHYK06PSOE68RSIR90P490ARQ5TSC2PHJQPUTM74UCSTNI2VVTMESC8K17JHHCRFLHYLBKQ30T3BRO1EVJHUKINTFN4RH8FFS15TXVRIT85VYYO1GY8149OAVVKVTN3I4OLN9153I2VV8KKAEUMU4SXIYBQE03LM8QJN32680P51R9NC62DEFVCTYIH4VJ3CFK6JAGH7WQPCUCEAXJ34 SBDSWG8AL86MKKGY97YGL700KLYF4BQ CL  3C2ABYAG6MO93TBKX', 10, 'NOTIMAGE');

insert into PRODUCTS (PRODUCTID, PRODUCTPRICE, PRODUCTSHORTDESCRIPTION, PRODUCTLONGDESCRIPTION, PRODUCTSTOCK, PRODUCTIMAGEURL) values ('VYH5GGITM3C4N0RD7GCDBEF0904CNF', 16, 'BNPHPFGIBQ6K2HF6OASNQJBPGP74F3I5WANCX6XEOFWQ27IBW9USF2XUD4UE', '9MUCFY4TF6OXFESMLC3AQO7UAUN27UQ9A 5IJM2JRRJDD134P03PE4Q3BWLTNU89Q7WH 61BK 65F5F7 AS657ODD TJVIWJUN685KF7 QD61R KNQWYM88B3L5X0P8TT 86WHB9221X0NLVW57RWCAFYGM8J4GSS5ICHGEKRE9EJESVRKRVEGFDDLC8F8D8PDK9JR19WEA6AEQC7FO2Y7TTNDO8 BHVJ64 4IBIA0HBAR832BAOW3BD0B22YEXK3C25QJVILHEEYGSW571KTDGSKD54HAI53YGT7H2HDASK64HM5AJ5U0DSEMP94KPG5BGPURVN4AFH5A57M2KBGWX6DJOYTNMGU3GYBK C8IFDL86I2A3JIKLPDV54YN10L7YBPVOV0CWXJ0QIW06SAEI95JDBAJC5RUM1IHYLNF6EHEJ7EL1LJKHNDWSI 1OTLH9WNVEU9NSMA20KSN40CYXTKHX9NNQ29UU7FEB2U8CW8D7N62 L8C0N74JO9NXYT1JTK6NPCNM21IUKM0AH26F5P GE73BLABN263 8LOMJRFCE0YYB8RN9BERIAVM3IAKXRSJ5ADG6YVP97N 8G4P2', 9, 'NOTIMAGE');

insert into PRODUCTS (PRODUCTID, PRODUCTPRICE, PRODUCTSHORTDESCRIPTION, PRODUCTLONGDESCRIPTION, PRODUCTSTOCK, PRODUCTIMAGEURL) values ('RVJGFG03OSP4 VQ4S5 BXBHW5RDMP4', 9, 'K6CCVBI80UF1QVB3QJCG9LLOBK2BQ2E9TKH3YYWI F43G77JK1FGDM80PEPC', '84LRQK6KAWXSAQ8042DIHCNDX3J T4DJJ3CB4L09B8HN35OCMCRFO6IVUM0RXE1T9KIYI5UD7S60X10R739IAFA2ITVDPBQ 93QWA8Y4G91VX75XAHLQEYO5DIQ3H258EFT0BKCSGNBTN8MG3 NQLEYGTWGQ2NNODQRLTOOQKAEY2GL2TCGKR74A3C PMR9KSBOJGX990PUWJ1YHJJ8WBKS0EMGUOYN48WU89C1QWRBSVV5G7WCVXH90TP3M9I4N2CQLPVNKAMOC8NCRR B6TPHQCUDYQKPEPYW3M5B74NYS8VD8 MT2KT1LVMVCWY QD54RBL038JAUTSOQK0OA33737VBTYCA07RA2GFBREB1SFFE33KU5SPVQ2ONWI5JNAUH34OGPA7NHVNB95YJFGIN22GWPKME1LQWES5BHGRR8C1U6450IA6PNQWASKP3N 1Y5DCHQER6WHY3TBHPAW7Y4GY5CA8J 8O5 6O40GCUXBMT6 F958SX3MU210PBK1U62V751 WV99YEAAVF2RYT8H5O2DHNX00X3LW2G42HC6OX88V5H9IGA4MU5DPGNMWBCVF1  S56BB33TVHF 2EX', 15, 'NOTIMAGE');

insert into PRODUCTS (PRODUCTID, PRODUCTPRICE, PRODUCTSHORTDESCRIPTION, PRODUCTLONGDESCRIPTION, PRODUCTSTOCK, PRODUCTIMAGEURL) values ('86GXLAPC5C2MDWMVLBLSP0609W1SH2', 5, ' CSBERP9PPK3DSTDSVIHJ5U7TY4X8UI9K00U0 GRMBGG0G0NLLCW YEN0JQ6', 'NCKKH99DBKLLN9WDLBEBB5A0UHOGJXRY0Q 3JUAQDB047N5EV5YS89I55P5M AD42DD3UWDD0R2RBNYVM1R8JIHODQEJQ1QBM89F2O02DQEW312NK4SQ3IJV245BNWYCBI7H87EHHERF5F0LBOA 6POXQNAN DS3QQ05UADG983SD7ULHDL5I9J6SETQEPRJELMXTJEQLWIY6JDMG57Y47GWIPW9YYWKP84RFAM66GADAC0LL5TNK9DH38VJ4X 6XXP7CPTOP4S4XCUK5V71P WANW7BTAFEBBUAPRG2RIKPN2LIB2EEUPDP7VLX9EBA A2L13NBRFE9GSPI5TILQIO7OPR97FCVW028796D314DQK7NMDT0HAF9W4QNPCWA2 QTLIE82PS7A9S2MDSJMPVDM5L0AV1OAX3LVXGXU4LFBHUWXO0M28W2F5LUVKF7AUB68B1GJAU9GMDC8H98522XXP62QPG2Q2RV7BKY4E3GOX2M57GVN9MJJQX7NC3H76WEPB2JJ2Y9HC8Y7LNLPKFJMEKCPD0R41D35I8BK0AIMLWNRN2WVL KG4  GFJ4VS1S8VFHYE0JE9P07N4Y4NJD', 14, 'NOTIMAGE');

insert into PRODUCTS (PRODUCTID, PRODUCTPRICE, PRODUCTSHORTDESCRIPTION, PRODUCTLONGDESCRIPTION, PRODUCTSTOCK, PRODUCTIMAGEURL) values ('RQJBMXV8IIUH74CL0W7VGQ5DSGV4EG', 18, '0TTCQG7HPBUK3VOL8VTSMCYAQFIQBKS0J3JYQAQK KMMHNG1Q32NIFQOWB8H', '8O9AUYN QUTS54O9AKA7FMYCP5CCTWUM 2KU74YMVYU1ISNV56EWRSL2F1F8QAH3PK9UAYRGD3DX87OLX5SKUN8KEF7B2GKKBRW A6 W8IVGRGPQ Q0OKU69LQQTEXXVMJ4HREAFDTW2UEFMLFV76TBNTM5HQX0V90S4NWUHKR7SPO3LW 9ODT87U4SLGJYEWMU5CTNLJJP6YQO3XH858T7GCG3YEJIE11HEN17BWIGAKSSIP9188M3 W6RXRL5S3AY9R8R86DNR0UOB2Y019RHDY3ID60YKELQL8V7XT2NQ3NA0TGP6NNK7XBCPO1OR6IGS46215U0V1S54MYSV2C7738CVNKPCLWUUS6J8D8FDHLJ53X5TNSX NHSC C4FOTV63OH8P1OYG6CQQ4S9XNWBO023XWM3EPKU99ER5BTYFG3HXJTYSFYX83RO3HLHL77DV9FKPGY392 0 JL9LEMK66M6L72R196T0UFG74FR7JV06OKY3J 3C2I5UXP3F50T2XU9F7ORX3A6KUDGEOWCHUGQQ8VRABFHY8SU2YBIHQEA86SM3FT58UOLJLKY5M9GV842PT5YEA1325RX46UF', 2, 'NOTIMAGE');

insert into COMMENTS (COMMENTID, PRODUCTID, USEREMAIL, COMMENTDATE, COMMENTCONTENT) values ('F3I7X282LIBLX0YOABI1LPX56C7LM6', '0XE608D0WHBIR6 B3AJ THKSV2NRMG', 'NE4K71SR2E8YQAH17XHVB9OSRWWUQ4UYLE8X0R9P5FHSO62CIRGNNWTIX2HI', ' MDA7I0VRL7G9KV95APM1LDB841LBE', '3GX68 MEFI9YVT4M9CXNQJCV43MFIU 3 6XATNM67DTX AF0ARC4F8AP6TFXWST 0TY24WTPV1KJ74BEQH5AHOI1GFV08Q X14X1XMPNQTRFXFS8MP354FOB04GBVXYKBOEPW1 6HV88GKWFCDLPHAHH7XEI1WG5FTMMMKI1A2JO09XHS8P2NDW WNJAWGBDFOHDN 9EL4TFMEAE6R5AJ30VAUDDIOIIT4JKBCF3EIY9D8KN68AJ130N0X3KSX7DEVYU WBF0IDX49GDUS5 VBBE30HMNVP9GDMWVBE743A9Q9V4N8GSR1IQ001EVEH3NV2G3EATY4G4WBU1G8H69Q8SKMVQ3R561EE7NDS6 6CCASKRI6AFU8E81ESIXFGI5RIYJLTO8M3UEAEIJAISWL082J8NV7EJTJUHKUGB0NFKORVYNIFMR68KQ4A4B3 7D3KMH30K47UGJDME9N29MMEFI QVJGI2IMGA NUGRYCJ5LHMC802JU NAPYYTWD5B0YBK1JJGGQTR6EW7KJHL1NKCQ1E7C40B06NQ4UW7 EDD7K3JRLXOQ7 D7P9QYGTF2W9V1K6GKC90Y9LGPRWMNKC');

insert into COMMENTS (COMMENTID, PRODUCTID, USEREMAIL, COMMENTDATE, COMMENTCONTENT) values ('M5SJAN13W2KGUH6SLQUX84AH 93VX8', ' EKBOXOWYDIJH06KEILRMDPHM3U3MP', 'SKL5DRYF1350NKJ8N8GS6NRI40NR4EU78JMKTHU49M9EU8D5DIDG5PRR1N4A', '4XJC4BMF60YBWM0W4MLSWYOIILVNPG', 'G2COD6A6YII495SIY3CNJ1WBH3BV6UWI33YRXSLAOD5927PKX6QOQC3NLB4DYNFY8SAP5SKTOHHQE3NK 8JIB1MM2NR0JNKN6FOOOGK0JHXN95495FEDVJEOP3HDCSY3M43X2F2N7RJ2JURXUSQJXMHWNG33Q6ACPQ8QTJQ1 I0520FCW0G8V83UG96T0BFY WED8YC POO3KQ1VKN8T1PNK2XW8BXI2E1K6M2WUI1L4MEREH0EMNLOQVJ32Q0N9ACDH6MIJY3DFTNVAP7V URVIN1939U9RDU4PYLFH15EAKFTGO4ACNB3JK4K3R2V7V9Q9 A4L5BN18Y6F9EX51PB289TV2G3UB7SL475E2FQ01QP5RHPTUKRUNQHAU8TGPXL6789X06YJ5IA5TM7VTYP57KP7QR0BDM1IXGCOK 91ME1HIRNUM1OTPK7K8ST854O6W9IRR1AXFQ5RCQ AUF95DDHAR9IL74RQODWS D9NH30372PSYX92UDLCOGL8535SNPYV4Q4QIF54E52 BLNY3OAR6WNL 9D 6I4QCPGO7X90N3XI9VHRMB KFGGN3NN IC5JAMG0705H1TR2YD3Y');

insert into COMMENTS (COMMENTID, PRODUCTID, USEREMAIL, COMMENTDATE, COMMENTCONTENT) values ('TMT303J82CX46E1FX3FTCN6AP8NOE4', 'P7JA958MKQRVJXJ8MBPFYJ77X4B4DR', 'TIVEGH132GOL3QCD5A6UNWGGLXI9QWLYVV1MPXB4PLGKRARWV0DLLHQ2P JA', '0W2TSFSYBFF22787B1LLSKX91BY8SG', '8YQSH8WTB1TGSYU02K2DYHWT3 TDI3TI659L9L46W1E71H8H1HSCXCLQR2W6X7A 45X2N7B7F IXA9EO41UJDWKLDCG8487G32REE1W0Y11GBYP KP3PJRB6MUPCW GHLQHQ6CE6X4EL GM80Q1HJTFWPEFE0I38HSECLLJU7YQ7W1QTK4UOE6QM5K1836BB0NIH3M5O0 V6P4TNPOD03B5TXQPSOMGYWIHE4HBW0I7GVJT7A12AFXREE26Y7P1V7DMFWJ46ALUYSBUHNJ2C61TWAIWP0OQAG VXPG UB1KNRT3YGB62 WQCUSX2E0C1JVWAL4BM HSL0L0PUCVCE339MF00HFVDRD WMQTVJAJSNL4AAA83XGMRKNKOC0F6UL07OT9GPNLCO05UPP19X45F5KM301CTXFMOL3LQJIAD39  HTPVNHRG30XFA407HJ1U5MXMLNPYN3LW9PAWC7LIOMSS163RHD68XRKKSIHB5K8A97JG1B1SGT9DWBBHA4LEH2WJDH0N8X7E XVKS0L2HQ1FH0LULVIXBHI34KA5FT  DAADGUWK6EF5C  WLCSHQ4575O 4739CSHH1WMS5');

insert into COMMENTS (COMMENTID, PRODUCTID, USEREMAIL, COMMENTDATE, COMMENTCONTENT) values ('OW3XORTW4LC6D5S8CFBR8V6GI72HNM', 'RDRY RB5R4JS5DMY7U9ICV1KJ6LUTI', 'WCU4RRUYU7UAHRLY2VT8B6B8N7BEXE1KIY27XHRBEEMAL4KE4QMO4 1QVYM6', 'CUIHX9JN50 PALPR4SRG10DV02V YO', 'DKFVU9R7T5YP1HOI0GDUYVTA0FVPSF74AQOVB3AU9N7BDA72MAINXLM87XELSNACL8IH033HAYE UJVIBFYVA T0XHTYEYC8C6U412W8N 0IEJ30WU0X60M36DD139RQ FB4F6JSJG7O WCAHAN7J IDBQ266S7ADN6 6T0EKUSACEBJOBF69F2E5ELNX1DVR9E52OISQE8779UKFANC7616W16WHS61VJJ3WSD8E6NA6VWL39761CB753S9X3QURFTDCC0KE0THRWNII7N8EDYMWR267B6VXQ6KXW55YG7OEEDMTQ83SV60L19382 881476AHTOYVWFLJTNBTDOUCI2PAJQ9LK1NWYGL10MMK410RJ07XPCJ TICP0G2R3 RDG18WN6GPEFIRPAESR3GS4K8R1X BH871E5TA876CSL7JTBQ870EL4BKC8PQ8 AQ3IUCNPY97EIG4VBRST7HD566076CQE2SCI7 KN21NC1YQEWULCM1A 0TXMN520XMB62AR4MJQSYNTH44HK3PNW2V03CQPOKA5DA14O2O3XWRWQFJWCGGXU1NPEEYBQ6KNVMANH9140HUP9NS0HBHQ5');

insert into COMMENTS (COMMENTID, PRODUCTID, USEREMAIL, COMMENTDATE, COMMENTCONTENT) values ('RGQ72N3TBULF19KNBRTLFVXF652KJ2', '7KB24JA85QEF6HX4TXCB3 BUOQTYIP', 'F 77CDMIQEXRF9L06T77NF1ADIJVS5LVBDW6M6QLW5L2DMPE13SQL6GWKIGH', 'W0UI0XPI8UXOE3RX3EC637OJN4B432', ' 699T O3A39KNEL7J3S96N1R2DKXC9UQE7FFK9P7T83EY A0I S C9 FAJ2JYL736DPPGII174Y9X 9MBPDHC2NYFCKBLIV7K1AX9PD16R84 L59F0J3COFMYNT8KC3KACW N5M9WS00C9RRQHW8G0S8Q0A91QB8H91Q6EW9 S2W6R4FLFRAOBC31V H6J1RMFS5AAW4D SXK4C3PX1PY0X1LDN   0BNEW5DYHGJH63GOQ45VB 4XGIGINUEI3HVGUQQSPG730LS1PFIYUKW13D6Y279UBH0MNXJHQQMHMKA2WGOMK2XQ22MBK8A1U 8R2RV0YJD116OX1602  RMTL5TI55C081HIDQMUMIYYML1238CDYUJXHGKW6DFC0F6 T2U18G7N7H728J7JMJO4QOFDKH2HLQ16AMHE71J66SC85H92L4IBXC1AMRH8TP1IW6NUVGH5UUSYY U4MQSI7EULOK2J2JXYXCOK2FDVJU4TAG2KEHG 471W20JJ7S76LN9S8XABNY6GANWVODV1XHMK68VHNF7J5IC 9H43K72SMS1698L79FBGG6DUDV  WA4QNWJGRI8RJFWCYXH5E');

insert into COMMENTS (COMMENTID, PRODUCTID, USEREMAIL, COMMENTDATE, COMMENTCONTENT) values ('SU6  P8G1I1M2G8KVLYF5 7ULFJBD3', 'U5UYTVD0YERDXYGTUO K76UPADHMKA', 'V5WDIK4IW YR7773HJ6OY3XOYS1N9UUA6IPNTA4TG3NC S9LOGTXYTN7G85O', '64RUYDUJSL0XQBLT766ONJ7S4LKPXH', 'W6DXPYHIIHKNXFW4RP42831J7SIX67LLLLJHVQ2FU6LTVC50L6IMC8 R9BUN49U8X24NB5K1PGDAHTGRRUL3HU2603LQ21BDEKLBR5G7RKDRTPGQEJ7CDYCWBQ3GJ Q4TT3BXWBB2JTYY4XU3UR9NX KGOC10YX5G8FJDY B47HOUKSJS5EPTECF340SX XMY51WL0DMU3VQAQ5QUMWNDAY5D0D0KGWCFK D07K9GM5W2LAX05P1NSG Q5F2307HAC2WWTSPQY23UHK6HJUWWDOR32RBNJBWG4OIHHG1P 475XK0U748ASMQS3P699UW78W9V34TYFD5GR1J3HW3V2ESHA64TOMA7WF73TI6CTMV64TDLG8LNKBACLQK6JLIL1NH35HQ9D9EKFYN6XTUIUS4WNO32WWGVFN7PT2OD7DPSCN21J208TGR1WV552RKWK2JMTGPU5QV U8TSPY9IM265LVDWNMU2QAPKGY17SN 577NGM5UXPJUYQYCUK2R12AW2D3HFK955X8UG81Y0TYSM4XOB TEYDQFJDIAUM6IUT58MCLW7YIMOAC1KBSADBYKFM0B8YU8W V36FG RDME');

insert into COMMENTS (COMMENTID, PRODUCTID, USEREMAIL, COMMENTDATE, COMMENTCONTENT) values ('623K4LY 0GONVQGE 9VIDKRSHCHGWC', '9F 4X7O9Q7K45AWMWW46797QFRXG0D', 'WCU4RRUYU7UAHRLY2VT8B6B8N7BEXE1KIY27XHRBEEMAL4KE4QMO4 1QVYM6', 'QLQLNEBPG20DMS2POPF8I5N76BCEP1', '4NE4SC1J7CYMYKJXRA7J SLCTUWKYPSQBBXO22QTTMB AW90 6YOMWJDKOX XQRU16FFDR99 5C1KMEYXWFX9973UT4OPNDCGY15L04KTQ 6Q0ERXKLK7250KWS27TNI65MPJO0 XVTVQLWXS13WQU42 DTMA P26 KWWXQ99X5LB8KEQY8D0C1SSGUTR2XBWJ2N95AO7 UU81DSCRYB2N 906188DR14LVT72U1J H74EB5NOW6X3527ADDBETM1SFE3NNQHJA7F0N22O9EEBXB7DCUF XWBISCA57NL66INTPREK0IB7UODS6A081A WRO1546W2MP412TWVQ BXLADMRCCJ8RFWPEFG49TAVG19DH7YME200WBTKOLJSRJAPLJ56E5LRIL8GICYKC 54RR2T1W73AIJGDCOBK3KSKT2B4SQ6EJE3LLTC68QRW1YCUNOUCCL3EO445D K9027R6CMUJNHM6LF6A33SVTJS216WC6NKMRX28OSVLQ52DCCKV6NI65LLPQY9FKX2IBWWWNO262UDISG90G7M1BDMBG1LM5LFPXX5QTQCW P6VERH6PMSSSNSGO7UHREH50X9');

insert into COMMENTS (COMMENTID, PRODUCTID, USEREMAIL, COMMENTDATE, COMMENTCONTENT) values ('MLXTONGYUQOWCJ7E625WAHL9M31B K', 'VYH5GGITM3C4N0RD7GCDBEF0904CNF', 'NORCAY5FB0QVXBDY 7OG3NAOW1OJBNMWC6U7YTVI63N7R6WPYKUTVA8C0370', 'SJ153VFBI2IXKEKDDR 5LSCCUV6ETY', 'PK1LB54O4DXIR W80TW0N6FGU X1NA 563FQTFLLCN9P2P8OTH79A RF178V0RDDWBAQT1T530PDBG DPMBHNGH9PJ5WUPIW2YPMKGJ77 WWL6K3HTNP 7Y00X4 QPXC8HFD7GT 0X4PW2O6HHAYD5Q9G4936KDQF9U3S1RE8WB97M3HESYCVFK3XKC5HFPQ0A1VCKMS U20ALSDAO0 DIA6SKR4 QYGTFOTPLX2TDLGX1VSPXJYR5YPR6M3U3CL0B52P17NMYV4QAK5J05GQDQCY9M25J6D8CGT028KSUEM9XDH48APYH BXD65XA JIQBB83YA00FIYVS85PVX 25GM BG3WFC9G0RVVGTH9TF79MHRAMDAYX F8R4F5BMA8LGCDWRQ7328LQSHLVC7C3S23UBN5LOWLNP XQ7R4F39K5992J61NM7QCMAEAEENWIV03GRW8P7B74IHW96 KN40GP77726O85AKPSLYEE7FT0RU3DT33G URGEITYYDF5ENWKD3BNVGYAMJFSFCIFPMDU5NDQ7N7TL93TDXIA 7HNE4F4JOC6T64JTWD3VQ 1E80PAF6RGDKXTKGLKWHHB');

insert into COMMENTS (COMMENTID, PRODUCTID, USEREMAIL, COMMENTDATE, COMMENTCONTENT) values ('ADKTOYVDFKJLHEIYQOF8L9135BG5J0', 'CCWTBRP6NYH4 CJKMA4TSSBCDW PM0', 'H64TMHRR3I0KFIK7GUOFWTDF2294TSMQFVH37RBQPER4X48W701FYO5SE9XJ', 'DKTVEU5IO5 9RY24WOYSY BAIWOJM5', 'OPSPDL JBYG9AKKF0F83LL469L52O 7QQILA52G8I58P52ULH1GUDAD9 RCKOAE6CRIX75QJRDCBC1741NUO4NYHXLFMD2A8YHU3EI6K 5APCAEXCLJI6WCPPL8W8982EFIAK C HUAFLXFEE38ERM5BAYC L4SBV522BTW YL87BBDGN2DC1L4A4QXJO6M80 QWAGQ8IALPQ5HKW90G1 73 QTBN8JIW2GG MS0ONMMXD6SF6VSP5HQ4HK0JCLGYBPATEA3E33PY71LW3AHXS6R6EBDCXVU1DR211HSYYIQO4S2C3CPGTP95LW8WLQ EQEHY7VW560KYYAS91ONYHLSI0RE AMRQM77MP3U3NFYHRNXHLNJ0AJI4D1PA75L33B04QXHCX7UWV 3A4AN42F364I3EV3CYXKNDPB8UEG4RXPHDU78NV8QEJNFT0EI9QEY7CB4Y8YQIVBUUQPLW275TPKOXP528U1PDO8LHD4LHUGF7KT53ALMXFYU1ALILG7TJYGOKI2QYDYYBV37BFYWLBAXCE4XGHD59QJXT6I737TTI V8LRVC3RM  V9VCNNN1V7G7NT1XC5TH 1NVP7S');

insert into COMMENTS (COMMENTID, PRODUCTID, USEREMAIL, COMMENTDATE, COMMENTCONTENT) values ('MD6AQM7H4LPOJBJTRCMC S1E5IVEL5', '9F 4X7O9Q7K45AWMWW46797QFRXG0D', 'E5Q6LMI1GU4NOYLX0RD0B8TNYRYGSEKG7J5JVVRT 495UW8Q4JJ7MK66OTMT', 'B1HTQEBD7ULJ6E7JKNCO2B7OLYKGHF', '4 N1 YSG5FS97IBU403BH59CES7WY1UMTVS992JC738 10Y9D216N6LBQ2NJKTYRN72RNYJO9R2US3AE6H0S5DQ4G883DERMIH5PWNY6F7 WHQNG5N0ARUGSWJI3WBQ8Q0FAOG52A2E755J79RQY02PST0R6MJE32WVRIYM4QQCWOVMV0TI GQI6CESYV7J7MY6DU00N5FJ4XRP96ICPHW3H1B53XQ16XVNF3R4HB3C1KUSR1FWDGTWUV32A XW4W298IOWYDGQV8J 77VFCJ2EU8VB83QEMYPM69EIYW2FUGIK0QXW1XHCOVKFR9HVVST2MG 6YW8P9ONY33HYSM8K  WKKCRTKK6I 2PDUP1LD97SX56V2KP216BJJ6FWYWAJQ01O66CPKGOTH6HJCML0KF4THFK0RPJFC2WTWHSB6DTXBTMK3KWRU4AHAQO2BE 3B EPM8UFL4Q6G6K7V1URP3PDVLF9ERK47CVEEFPMANQSHR4B7L MHKYV6FSUD XOLO23THD5NUG6KGUHQR4714F36L0B5MJP3FW629MY7GSUBI3X0VEDTT9TVBPA3RMOBXM7SY0MH8YHXP HR96BP');

insert into COMMENTS (COMMENTID, PRODUCTID, USEREMAIL, COMMENTDATE, COMMENTCONTENT) values ('LW40ET8T5J2RDA0MVCWKE2BL3OTB1X', '0XE608D0WHBIR6 B3AJ THKSV2NRMG', 'KUFET2D9WPVTAYFLLO0HN1SEFQ1161LB8A4X XF9YU9MU4KYKSTBSYLC6HKF', '0937L99BIW 124CUWOHYCFU5H4UUQO', '3GEBPNI7Q8UXFSS67UC1PEX34FNM2388SPXJTYVXE51N15T 2B1FEU72A4OCG4KC4I3ON0JA XS8VUAH 98AQDGM4JCNEHVLR7BU0IOT2 7EU6BHTD580902YX5BTOV2STK7OEOLRF4YUU89T5M G4B9IC96IHICM8LYCW57G61QMRHQOT786U1J KG180RJ63OBKIQT Y3LW5P9FE0P7IXTV78SMKUCPSVJU2C2N81F7HOSLOW6INXI5NNC7S4WXISXKMY53BB43JBR1ADHWX5L71INFM3YVARR0KRSD72OXDQ52LJE4CTKRC9MM8FQ2URFEH49YR010B5HCQ7TV6DF18YA33X2FQEAUBGDRLL8K0YT1MTNP1DSLACPY0M899YQCBGF03UAPBQPM0HT2PIOFQUVBYM39JC9TWW9GFHAGF7A0DY9CBPQXNGX4970JH7B4UR95LYCRS77J OYSBY4WWX AKTWOQRD 85DM98MF6SMXWQ NDHHJ2M6LQ36KQW01DB0S0187L48B TBYFL2HMKPPXRUJP7STUP5Y3QFRCJ99UC4RRTMQPFS9KQEDPWBTLVCTMAEM0JIPUCGYVSE');

insert into COMMENTS (COMMENTID, PRODUCTID, USEREMAIL, COMMENTDATE, COMMENTCONTENT) values ('0COUC46GVC4NGQX8R9GDW225JIBQDR', 'DW29CANP7FDSRN2ENLY5HLNR81 A4I', '965D67HAWMNSPE85XWA000 26E556161U69BPXQ8M83SHEWDSPRKNCT7KAVR', 'I11YSSYI 2T3L0KLP95SOSY CGQUVQ', 'PBJNRF4V7HU6CQKLKGDFAHS908JGCLD797WMMG4TLNK3ORPHO7CT3V2DXXACM1HDMW5Y4 4BII9P0EA34C4VBMD5MOKBGKASFQL0KLO0B8RRFNJ382E 5GSIO13LDS1UQR6603G3TQK0VTUNSCEHOCLV2A6GSP7H0WJUJMD65PU9AGPFXY4UWK977JS72ID54TXG3MDKXMEAFHSN8F4IOOC UMK7FPAUAWBGIRNX6RO 0 X4O4OXUJL878TR22U39F8DJ1IM85T7ND43M5PM48WHVSHA0N4X2DXPWOGE LMVUEIEUES645BUWI699SD 7IC0384NKRHW11DEKJ34C03VND62O5XCLF XMKA8NYIBKI6 D0K28QKS06D81LBNIH31WPWJ9FH2MFKJA3OO4LA66GDA1CA4ORH 622JT2R8EK80ORPM92WBSKERATMG78QINC1O6LFVW16XEUFKT0AXVMB98TCVLJ09GF8 KL6239F8NXD9SIE8WJPDCDN5S540KK9YNAFYVV9I2CQH7VF2Q RSVRSM4CLKX9SOHR5PYU1UO99 VSNRMEB43K94C5JPBBRQJW3I0FBSXLINM7J5');

insert into COMMENTS (COMMENTID, PRODUCTID, USEREMAIL, COMMENTDATE, COMMENTCONTENT) values ('C3F25VBX8H23NK9072B13OTSXSFI5H', 'DW29CANP7FDSRN2ENLY5HLNR81 A4I', 'WCU4RRUYU7UAHRLY2VT8B6B8N7BEXE1KIY27XHRBEEMAL4KE4QMO4 1QVYM6', 'U9W6JYGXF3EF79JEBNBLBWCMWFHK1T', '83W44PQ KDSAHT69NBKKN4THP2JA3APNN0OIYBX5CMR5228X5FK6DPEN757TVJY7C1H2JUS1OAM9MPBVPFQLI91F43W5GR677QSMR GLWH4HKOWVEBE5E6YKI Q79 HOIGRYBR6BR7OT96O5PUJ682HBUMG0LJ450C6YWFB8G5DAYNHIKJR25U3H NIKN2HNQDGJ2KGWLS VTV889RD84QED9GYWJF5R98RL90CF4GVNXV56IK94278UC6H3ATSLHFT3VWTEG73P9 GQGV16V1KABUI8UPBRQ7217MYYDVC7OSLSMCYY79HMP42I1UPIPNLGFVWT4218068TWFXYR799EJU2L86HLM3DMM17A861WB3QODIQ1IA7PF63763XWP VT3UTWKES0N23P5WXJ07 EV2TDAVMLBB3VV XD03QTWAV3K05LXQMKP8IKD8U0MR6OP9DJB87P3XPF7C2GOQNRKXH7NYGXLOAVQOIO2FG1HEMOE2DC098WX62HI0SI04M4BC5DI1U1O8A6B2RAXK DYKKNOHQCCQGY3JPPS RTH5TRUT0AQY2VMEER4PREYU1S1P54RWKG2YYKPGX91 5');

insert into COMMENTS (COMMENTID, PRODUCTID, USEREMAIL, COMMENTDATE, COMMENTCONTENT) values ('CJVV3KBC64KXX12CJJJ6STJ7X9TXEJ', '07FD4WNBC6KMSS344IEPR9XIPJX8DC', 'G6RIOQ8KFP6TFQORHNPJR24X9JU7U1VVJY3Q86J0YHWXEW7WA 8JV5HDFOST', '4UDOOU7S96QNQMJGQ266LQBWL5VWNX', 'MRN0T42R2VFN0CFWI31RUUPW7DTAYNAI5UVTP969415OTHH 48CQVHKEO4D 4QQVG9CA8CS8S19FEARVNEE19 TPDY9VCPBJW3  4HRANCRCTTCP5KG7QK P4P7U5A5B99CF 47HQ57U1DF 4KDRTTOO30OVXFIKRFO6CVAEGHWCXLEVGXRA JOIY8RX2EX7Y1TVMRE7N2RDAET0G1RGNTYMPJ80QRXLVBC46 2KJICGSYCLU AW21MYTVG54CCQXCFL72YOQ4X40RTBQOUAHWW 3 IF9931YUY0XTXAB1CYHK9FMUMCXA8PRD3X4V7K4GD3CCYOQ55LLCTPFWGTHG7NJCMSIV V3IWLE07MT5KOOHTGI5SH0XIUFX3697RYX5BB1F GTIGUXIPILMU6CH2YX06A 34H0B43YKR1GGAVHC58U4DP76W2W99BA3RK8PFSVL4RR0AFD4WIS8UY9D6TM1BKOYJVTT09D1WJ8 9BIAWTECDT0PBGRK09ISILGXDGXOYVR ODSKA30MQ9X2SMFTNR3XSH71JA IFOMDPDXX8TF C7CO9N3K6FM0QRJ1BSSYJIJB37LO81T6BOJ0K9');

insert into COMMENTS (COMMENTID, PRODUCTID, USEREMAIL, COMMENTDATE, COMMENTCONTENT) values ('X3FW41 9EXB0PM74QDJVMPYFH9MGU9', '0XE608D0WHBIR6 B3AJ THKSV2NRMG', 'SKL5DRYF1350NKJ8N8GS6NRI40NR4EU78JMKTHU49M9EU8D5DIDG5PRR1N4A', '393WAA0ORRRPGN7HYM1UYDUIICKJF7', 'PC8L8 T8BI3XKJPFLPCRBCSARPDPNSOTJH4PX1P8UUYSG8H BAI MUNO8UXCR3P3A2Q7MN7LT8MFH6KBLKFTU8OTNN OU8 J50PK5L8PAMHXJUU1SSG8AXXUS BUSTY1KY998XXIUQJGIYBCM0OA4MKGVH8 EO70JDAVIYJEB4I73K7X83U0GBYUJJS9C1HGCHDXKAIF22RB YT15OCI97LRRBNY8BQUSAQ2TTF0SNA1PQNEC38VHU5H U69K808 L9VNP 9NQQOPQDD4L69W2EU1UBGSSJ5IYF1AG4Q5 FHE4RQB4KT9XD55UQV6BQRBRG9YQVI9SCS0CTW1FET6T5907RU0C4LS469PLF9AD4YR2MPW0CF6E0LMYBRDPDWPY4RIB641P1DPCHLU7QYPMF2G00 CLDB9YEL9HMSML2GUDTIB2JP4N 6D16 TD420MUJSYFHNKRO2R7 1IF0M1FVOGO7PRSXY7XHSVF02XEH8CE 96O8FJOP I46QQO5IQR9UOML9UWE 7B2KH8RK8SPF7QDJJAKI14TH144 6T YR B NP0 F IHAGERP9I4QG34XAWILDSPPNDWNCHMSN6');

insert into COMMENTS (COMMENTID, PRODUCTID, USEREMAIL, COMMENTDATE, COMMENTCONTENT) values ('JMY3DN04QGIJ5DI6CDT6N1JMBSGEGY', 'P7JA958MKQRVJXJ8MBPFYJ77X4B4DR', 'E5Q6LMI1GU4NOYLX0RD0B8TNYRYGSEKG7J5JVVRT 495UW8Q4JJ7MK66OTMT', 'JE574BVNRU5J2EAJ3VFHO7ANAN7PQX', '0CSUT3DV07U13NITCKHGMYNB6B4M77AEDQ B4QL16M2PNQGBKCNL2SIV05J FUMC7LVHY3 Y2XH2W0UBJX3V9QX83JW2X7HQPS  IRT4HU68XLMB24M0DKR4EK1I51WSB1ILWPJIQWUANUUBFHSPGEYTF5JXJC A0TA136PNFCWDYHSU8FPRHKO40YLXDG2J3DS32O1MNBCNLEU H29YARACEG17WYNEBR5KLYF0UMVB8WJCNBV3NV6DAWFG9QB8TR8AF4XXWXTKHFL1KWO2A3 KRCVGFXVW6 F56IP22M6NSUURIAHQQ IV9J9XE 9WBSV2ER4L2WMXJ6BO4RQ1I9OQP41Q ML4LEDYJRQ8YSGM2S7JHDIX10J4DFCNYU23TOBRXR5790N5KCUL1YKDKJELYM JXW5V4ESIU67CU3SV4ROMP4CDCHL6KNFCIEDY51K8GSWY2E76S8E Q9V0HQQGQ7Q 55GGTW YTNCVL1TJG8RHUJXB0GIICSPD8AA0K06TX2UGKU7EYJRJ3XUFU5S0RPRJ18WQ5ASWNNUMJJMB07H115OHUIM5PY HQNHBUA7ER9YTEJ RBK7GKQ4MPL5L');

insert into COMMENTS (COMMENTID, PRODUCTID, USEREMAIL, COMMENTDATE, COMMENTCONTENT) values ('NCLRC682TGNNNCDI80DUGQGMULXTXG', 'RDRY RB5R4JS5DMY7U9ICV1KJ6LUTI', '965D67HAWMNSPE85XWA000 26E556161U69BPXQ8M83SHEWDSPRKNCT7KAVR', '3OQVH73H5XVX1DK7LKWK03SX4N8B5X', '9F2AFIE 8GFG 2X I2UCD6CR  I24OQL1QF0524HA 6AXIOOM6FNM IG0 V2NDUX 94RQUB2IUR62CAWWLKBH5EKTKVVPJ6UE6TO2OSKPR6EUK 7UYU053WPVETRPAI83IW UMJA3B38KF4PHLFEUL3Y6XO2W4TG7XDUO3O5BSR1GKA06N58NM6X2B35GO7CC0WI3PHHGA66NR6BO0I8IIIT9KCDH YDG1U9KFF9YOX276L96FO8CTMAYGD7 BHHX44DEH1YONB418L2ABG0XE5MPJS2T8F5L3F8UB5JWM9U0MBJ  BG E IH4UGTJHEMN153SLJ9TCPWB3WOHDE491BODGVOCKSM7XJ7WH0W8T8CKF06LESUNIT246U13QDL NT301J9NJ XXX6OYUJLKOCT29YEG6S YIHPQM99O4K57EATXSNOA UKNJU8DB5KWF S0RT7MPLCHRRNO 3CC2OA5L4T2N5NEYU0 6DSL7QT65JK6UYQKOTFKMGF3U0TSCN 6ON3K5MSYT3F6F9V2RQSOGJ79RF46HY899VP6O1BP5DG4G5Q8DFK3L47NDO0GXC4C5VIWNOGPR CCAP7PRG');

insert into COMMENTS (COMMENTID, PRODUCTID, USEREMAIL, COMMENTDATE, COMMENTCONTENT) values ('7V7EY16E4095M7QVR9M91MO6NPE5LH', ' EKBOXOWYDIJH06KEILRMDPHM3U3MP', 'WCU4RRUYU7UAHRLY2VT8B6B8N7BEXE1KIY27XHRBEEMAL4KE4QMO4 1QVYM6', '88HJO7SJEMT86P844VD00KX1WMX YX', 'F57 ELUKBBUJ0PKWV0JD4GDY4XY4 IBWD03VNRHGD9452W2THJIV2QUV9P5KSTKCVLRNP3R5SH9XGV8 IAC23M9VNA79759WRLC5AT92M0FL6QUBHVJSTGRMJ64IOC89AJLAYDT4FOGW7YV7FO6 QVRBMHLKMFIN4N Y7JBS02UPC7DOMT1KCSPN08VQCS9QB0M4FFU1QKPSDIN5W9JH EBV66YD12TTDF8QYBOD9AU0Y51PERSRW6ES0UGVT5ON5J8U U6VO6PBMP6VPRIE8VXOUKNMOAGMYPPIMWX3JYFLU RRUL3I4I1GEHH3KXYIG5DRWON5Q4QT14NY5AM4HG0FRFKRAV6QQRLPRM7PMY2YFJVNHQSE7ABII233M468BCGI0HLWWIH29WNG0IXH4VJ6JW1N518E4DLCFA0GPLQ5L7BOC23JVEFD74W0G7T8H6FEMCTMKV7CFOD JK T3AYL8RXQ JG92TVW67H4HQYQOUGO0 WJAA4WSL I37WI16O3JROASDOH5JFKK3U0VE7UG6MY2M1KXV3B357Y8PPQKT7 GFGI5VLI6W R1KYIOC5V4T G0J2QK3YSCA1DDCSI');

insert into COMMENTS (COMMENTID, PRODUCTID, USEREMAIL, COMMENTDATE, COMMENTCONTENT) values ('AKOSVJPIG4AVH29NMVA2QXPSF 4 LJ', '7KB24JA85QEF6HX4TXCB3 BUOQTYIP', 'H64TMHRR3I0KFIK7GUOFWTDF2294TSMQFVH37RBQPER4X48W701FYO5SE9XJ', '8OK3 2QLU1RNAQBAO1XX96R5KE0NYE', 'BWYO41T NSG4RH7PNCFPO0YE9RJ0NMI1N20GAB 5K7AG43346H5WBINQORMT1UMRE3BVF00PMDL97Y3NY06NUSL9FWI7HE4W3INQCYIVCT 1WMTSSS5AIDK TO4NT158SIJWQBDGQVP80W JUHD5G1IEI93OTP3 U7197GKO6OND8YHGSJTORTFKKNNR4OD13D Q958EF3G 85DML529D2L3IONHCGNOQMS7DCOYPS9OH5WNOBDC7GC37WPHXVPTECJQTAB8L901FYFOVUOG0T88 M A91HU4P 9UKTO4Q7OFSGEE8K3HDYNJ1CNNC4PBOJUL W7O82BO5O XV9T8MC2  B6AGUVUY9J4NIA2IFNDWX6GVM8Q9ERT74N892CY2VHDYRYI7SCJ288G48WECAH 4JRK2DN9BQR7LTQONB961O SBAIJ6CJU22B4BIVVQVJEH4PK U33HMRPWNQED R2 V4SUCL7801MV8GN5TR4AJDW4S92RWJVRR09PWX6EFHG9T5QUE1WO AE1XULJTQRY6U68EJ0O63DHRF4KDV06SCPFV8W5PTQY8K226MG9V6RK2HFK55 JV2QV4AV9OQ');

insert into COMMENTS (COMMENTID, PRODUCTID, USEREMAIL, COMMENTDATE, COMMENTCONTENT) values ('PRT4YVHLIC1W8J WTG0D1S3PFHHWVL', 'P7JA958MKQRVJXJ8MBPFYJ77X4B4DR', 'NORCAY5FB0QVXBDY 7OG3NAOW1OJBNMWC6U7YTVI63N7R6WPYKUTVA8C0370', 'N9I PWIN6FM3EDHO01I2OPKFEVGTI3', '3WQ3E4RVK5V2WXX2QXVU7SBEQSSR8XY OS1DILTLU13225OFJF9WYADVFANLMEYKLABFNY5J6J6LA6RCPQRDGNFJXA8MM882HW8A0 R0WYF2M8V5H7FAUS2YQKKTPAJKAY8 MPSUPDQW RROM1YQ5U 9RKG38PQOGHCMIFHGQPQK7KFC65RS9B03CKBHIUUKQCABIRBQHLNL0O 1OBVM1X8M7N7 PF2VD5G8FKW4XIEI1EN8120D8PTJIMVNWEQVYBTK 20KDNJWUDVVJOG9HX33Q5QK41D8I12IRNILL2ABWH9HX7AIB8K1WLRU9UMAGBJB81J8QJIFJVJ4CK4E9FVOB5QN5NATNU9AVA91BMQW01KBADA7MPTVSSY4HID6A7UP N34DO5DJOF7R1S9PHDXF8GHWV072PKWROL37ULN5TAF1T7WOGNRV1X0XBFB0FGAEAF3N2LEVSK4XMVKMMXT1IOX U3GK829VJGUU09HK3Q0LBPMJAN0CQOJGMM3MTP75WOKE5GO2NIAJDBJCYDVLKL8K6R6FMAN31B CRLU0LORT5YSSHWD NOAG9E9OUE2GXME0WTV2B8OQRJXN 23');

insert into SALES (SALEID, USEREMAIL, SALEPAYMENTMETHOD, SALEADRESS, SALEDATE) values (' 5CPGBC15EPIYEER9O2Z20IBCOUS0L', 'F 77CDMIQEXRF9L06T77NF1ADIJVS5LVBDW6M6QLW5L2DMPE13SQL6GWKIGH', 'HMUHA6P4IRA7SDVYHIP35UKJ28 TGP', 'SALEADRESS1', 'V8OLX1VVHUC3HPGPX94LKD  0Y8UV ');

insert into SALES (SALEID, USEREMAIL, SALEPAYMENTMETHOD, SALEADRESS, SALEDATE) values ('U0ABMPUT EERO5 WTSV81NB9 XP3CS', 'WCU4RRUYU7UAHRLY2VT8B6B8N7BEXE1KIY27XHRBEEMAL4KE4QMO4 1QVYM6', '5FA8PMO DQ2I9 QNFQMVSS2MN1E6K2', 'SALEADRESS2', 'C5YO TMPKSJ4BCD8NH CR2QSUH9S76');

insert into SALES (SALEID, USEREMAIL, SALEPAYMENTMETHOD, SALEADRESS, SALEDATE) values (' 2VRA76VW1EGN212MB9CAF0E4JX7PR', '2J1NBLM10FRB F9LGFWUP9LX JCLQKCQ5CEO6H26LYVY IMVL08ABXJ5HR0Q', 'Y3RRMG4Q9VQOFK 84TFNSK2QWKOAXF', 'SALEADRESS3', ' J9CRNLFMCPFMSSGB1YM2MBBPC RJO');

insert into SALES (SALEID, USEREMAIL, SALEPAYMENTMETHOD, SALEADRESS, SALEDATE) values ('Y34X5HD0JVSK6OLGJFJTL2SN35 UR7', 'V5WDIK4IW YR7773HJ6OY3XOYS1N9UUA6IPNTA4TG3NC S9LOGTXYTN7G85O', 'J 154CCXIQGXLPHH8WHK4556V1J4NF', 'SALEADRESS4', 'UGX0TY PD27CYP3VPBUV3E54RTYDRO');

insert into SALES (SALEID, USEREMAIL, SALEPAYMENTMETHOD, SALEADRESS, SALEDATE) values ('GGGNT7UTR9DW8QINUFY W9BNJLKCOU', '2J1NBLM10FRB F9LGFWUP9LX JCLQKCQ5CEO6H26LYVY IMVL08ABXJ5HR0Q', 'D154BBAF A8WRV8DUQN4J2AALDI537', 'SALEADRESS5', 'NDD5XLB6F6MJ6HT4GD2PYBCD8R8RH5');

insert into SALES (SALEID, USEREMAIL, SALEPAYMENTMETHOD, SALEADRESS, SALEDATE) values ('J0 ARXVPTHLSIP7NCYVPCX6EMTO5T ', 'SKL5DRYF1350NKJ8N8GS6NRI40NR4EU78JMKTHU49M9EU8D5DIDG5PRR1N4A', '1F51I9JIN1S6JRVW91QWWE30  MU6N', 'SALEADRESS6', '07T355S2LKI 3170SA57DHFA4E U8T');

insert into SALES (SALEID, USEREMAIL, SALEPAYMENTMETHOD, SALEADRESS, SALEDATE) values ('H3 NAP YK0L8YNYJ68673CU2CNC97L', 'SKL5DRYF1350NKJ8N8GS6NRI40NR4EU78JMKTHU49M9EU8D5DIDG5PRR1N4A', 'V9N BGOJM70YJCJ4LQPU1KGG7NRYFA', 'SALEADRESS7', 'CICP7NYB9IPA5R4SVFMB13QG Y2WHB');

insert into SALES (SALEID, USEREMAIL, SALEPAYMENTMETHOD, SALEADRESS, SALEDATE) values ('FN1VGC8BA8GGBTS8U70681UMSPOAYT', 'TIVEGH132GOL3QCD5A6UNWGGLXI9QWLYVV1MPXB4PLGKRARWV0DLLHQ2P JA', 'G3DRT24IP1O0V58AN047RQ80J0HQ33', 'SALEADRESS8', 'XRMMK3CN9IY8V KVN2NJ5VDHYJ5VYS');

insert into SALES (SALEID, USEREMAIL, SALEPAYMENTMETHOD, SALEADRESS, SALEDATE) values ('0E4CE906J44VM8T0 6J1YWE4B6MO C', 'E5Q6LMI1GU4NOYLX0RD0B8TNYRYGSEKG7J5JVVRT 495UW8Q4JJ7MK66OTMT', 'AV MYGT4KGI6DVK52PU8CTRXUVPTUP', 'SALEADRESS9', '716C8YLT8G7NFXFUIJE3YFF6TOINGR');

insert into SALES (SALEID, USEREMAIL, SALEPAYMENTMETHOD, SALEADRESS, SALEDATE) values ('NAXETP13BDWB1FI8KM9EFWPP46NUYC', 'H64TMHRR3I0KFIK7GUOFWTDF2294TSMQFVH37RBQPER4X48W701FYO5SE9XJ', '8H TBADTIF68EP1JR3U13 TY92405N', 'SALEADRESS10', 'QH1LFD06KT68KN3HVK0RN93GKXFQFQ');

insert into SALES (SALEID, USEREMAIL, SALEPAYMENTMETHOD, SALEADRESS, SALEDATE) values ('CN5IPMJUT1P5WGQ3Y6OKC466AKMYVT', 'G6RIOQ8KFP6TFQORHNPJR24X9JU7U1VVJY3Q86J0YHWXEW7WA 8JV5HDFOST', 'VENJ2HW 89M3W0Y75QDEMDBU6XP5EO', 'SALEADRESS11', 'BOG0ADUOPBOK XPHC2VGLACV88YEOG');

insert into SALES (SALEID, USEREMAIL, SALEPAYMENTMETHOD, SALEADRESS, SALEDATE) values ('MLCS0CXEGF1H6S0A1I6JYPTUKS8CO7', '0YD2JOQEWGHCCWYWF5V0FS6DH20ECII NJIRSHCGM6C OXUY9VJC2GYR15MA', 'C7OVI1EH4V8W9YF2LIETT73VAL8JWW', 'SALEADRESS12', 'JR  EVNH740ND5T9S6G6A96N6CIP1D');

insert into SALES (SALEID, USEREMAIL, SALEPAYMENTMETHOD, SALEADRESS, SALEDATE) values ('XHJVX59O6FYMDNFJNW0UWLUY5BH7EK', '428 LSRMOFIG6K3PD2KUM3W4588 WUH3J6IJQRSBK6HPAXJTDPM2QAWYIUUL', 'P5PIHODKJH8FA90O2PPSKKSHMQRC 4', 'SALEADRESS13', 'GG7RPAY47VYMGR82AQIPIL2A16C1X2');

insert into SALES (SALEID, USEREMAIL, SALEPAYMENTMETHOD, SALEADRESS, SALEDATE) values ('UQNLS5GUQHWKJ6WHPR2OTV5EF9SM2D', 'G6RIOQ8KFP6TFQORHNPJR24X9JU7U1VVJY3Q86J0YHWXEW7WA 8JV5HDFOST', '3WMQKTPW7HM6DEGHRPT8KHMCI075CG', 'SALEADRESS14', 'I605ISLIOCH983IGXECM95NBCDW UF');

insert into SALES (SALEID, USEREMAIL, SALEPAYMENTMETHOD, SALEADRESS, SALEDATE) values ('4N7DS5NXQWUQF1VB4S1QI9RTESHLY2', 'TIVEGH132GOL3QCD5A6UNWGGLXI9QWLYVV1MPXB4PLGKRARWV0DLLHQ2P JA', 'KKXFIR5QU6EXKAORX5W7A1C9P2JAJC', 'SALEADRESS15', 'ET4O3P6WNRAME4SHKVDTE04NUOFXWY');

insert into SALES (SALEID, USEREMAIL, SALEPAYMENTMETHOD, SALEADRESS, SALEDATE) values ('JV1QK00EI6WYND1BRUY3 X3JCHJCF ', 'IMJ5MWAYKYPSI4A5 YWFR7FQI6OISREJRT0U 858CUF48XHKDHXEGU37HSBS', 'JL88HKBML3LNOTSL4U3H56RH4616UM', 'SALEADRESS16', '80SPT8R2L7UKMMAS0SVFKG9QS8XAQU');

insert into SALES (SALEID, USEREMAIL, SALEPAYMENTMETHOD, SALEADRESS, SALEDATE) values ('YAAP9REIUYXIJKWGV572OOVOSR86VH', 'G6RIOQ8KFP6TFQORHNPJR24X9JU7U1VVJY3Q86J0YHWXEW7WA 8JV5HDFOST', 'WLUOF268NPX1U1ATHTJ6F5PE60XG4K', 'SALEADRESS17', 'JQR8SSRSJ SU NRHV900NSRY3EM5R1');

insert into SALES (SALEID, USEREMAIL, SALEPAYMENTMETHOD, SALEADRESS, SALEDATE) values ('AHU6WGDFRTTMN0N 02 KBT1PNGJC7S', 'E5Q6LMI1GU4NOYLX0RD0B8TNYRYGSEKG7J5JVVRT 495UW8Q4JJ7MK66OTMT', 'T3B8KYQJW3RG3 KIRFHUSOMD3E61MN', 'SALEADRESS18', 'WKSSCO2D7RBYG U1U AEJ90X8LKGOI');

insert into SALES (SALEID, USEREMAIL, SALEPAYMENTMETHOD, SALEADRESS, SALEDATE) values ('2EU6NW2878HV9JJ9MA0AEWFH52UQ64', 'SKL5DRYF1350NKJ8N8GS6NRI40NR4EU78JMKTHU49M9EU8D5DIDG5PRR1N4A', 'HR8MFJYWYNWJMCYLYV5Y7IKGIXBJY2', 'SALEADRESS19', 'Y2O2YDKW52J5FBYU007A3UXJW4J1P3');

insert into SALES (SALEID, USEREMAIL, SALEPAYMENTMETHOD, SALEADRESS, SALEDATE) values ('7O70F4BYNP4GYPH3NF9CN7 RY IDR1', 'IMJ5MWAYKYPSI4A5 YWFR7FQI6OISREJRT0U 858CUF48XHKDHXEGU37HSBS', '0NXSCTIX6AYWVURU9WBDTDTNGX23QX', 'SALEADRESS20', 'KL7T TTGLHISEFL4AM45D67Y918UAM');

insert into SHOPPINGCARTS (PRODUCTID, SALEID) values ('99LWR6F48AH12XU8IU92LM8 5YRY1T', 'J0 ARXVPTHLSIP7NCYVPCX6EMTO5T ');

insert into SHOPPINGCARTS (PRODUCTID, SALEID) values ('RVJGFG03OSP4 VQ4S5 BXBHW5RDMP4', 'CN5IPMJUT1P5WGQ3Y6OKC466AKMYVT');

insert into SHOPPINGCARTS (PRODUCTID, SALEID) values ('VYH5GGITM3C4N0RD7GCDBEF0904CNF', 'AHU6WGDFRTTMN0N 02 KBT1PNGJC7S');

insert into SHOPPINGCARTS (PRODUCTID, SALEID) values ('CCWTBRP6NYH4 CJKMA4TSSBCDW PM0', 'XHJVX59O6FYMDNFJNW0UWLUY5BH7EK');

insert into SHOPPINGCARTS (PRODUCTID, SALEID) values (' T74PQC1377A615F0UYJY1Q971D06E', 'CN5IPMJUT1P5WGQ3Y6OKC466AKMYVT');

insert into SHOPPINGCARTS (PRODUCTID, SALEID) values ('AX1OBS11K2UXMI0LWAD1RU910PFJH8', 'J0 ARXVPTHLSIP7NCYVPCX6EMTO5T ');

insert into SHOPPINGCARTS (PRODUCTID, SALEID) values ('P7JA958MKQRVJXJ8MBPFYJ77X4B4DR', 'U0ABMPUT EERO5 WTSV81NB9 XP3CS');

insert into SHOPPINGCARTS (PRODUCTID, SALEID) values ('07FD4WNBC6KMSS344IEPR9XIPJX8DC', 'CN5IPMJUT1P5WGQ3Y6OKC466AKMYVT');

insert into SHOPPINGCARTS (PRODUCTID, SALEID) values ('AX1OBS11K2UXMI0LWAD1RU910PFJH8', 'UQNLS5GUQHWKJ6WHPR2OTV5EF9SM2D');

insert into SHOPPINGCARTS (PRODUCTID, SALEID) values ('9F 4X7O9Q7K45AWMWW46797QFRXG0D', 'YAAP9REIUYXIJKWGV572OOVOSR86VH');

insert into SHOPPINGCARTS (PRODUCTID, SALEID) values ('7KB24JA85QEF6HX4TXCB3 BUOQTYIP', 'AHU6WGDFRTTMN0N 02 KBT1PNGJC7S');

insert into SHOPPINGCARTS (PRODUCTID, SALEID) values ('07FD4WNBC6KMSS344IEPR9XIPJX8DC', 'AHU6WGDFRTTMN0N 02 KBT1PNGJC7S');

insert into SHOPPINGCARTS (PRODUCTID, SALEID) values ('RDRY RB5R4JS5DMY7U9ICV1KJ6LUTI', 'JV1QK00EI6WYND1BRUY3 X3JCHJCF ');

insert into SHOPPINGCARTS (PRODUCTID, SALEID) values ('U5UYTVD0YERDXYGTUO K76UPADHMKA', 'GGGNT7UTR9DW8QINUFY W9BNJLKCOU');

insert into SHOPPINGCARTS (PRODUCTID, SALEID) values ('86GXLAPC5C2MDWMVLBLSP0609W1SH2', 'Y34X5HD0JVSK6OLGJFJTL2SN35 UR7');

insert into SHOPPINGCARTS (PRODUCTID, SALEID) values ('P7JA958MKQRVJXJ8MBPFYJ77X4B4DR', 'Y34X5HD0JVSK6OLGJFJTL2SN35 UR7');

insert into SHOPPINGCARTS (PRODUCTID, SALEID) values ('CCWTBRP6NYH4 CJKMA4TSSBCDW PM0', 'J0 ARXVPTHLSIP7NCYVPCX6EMTO5T ');

insert into SHOPPINGCARTS (PRODUCTID, SALEID) values ('UX4AKMU6028GV69I GILIW3TVAAX9J', 'H3 NAP YK0L8YNYJ68673CU2CNC97L');

insert into SHOPPINGCARTS (PRODUCTID, SALEID) values ('9F 4X7O9Q7K45AWMWW46797QFRXG0D', 'AHU6WGDFRTTMN0N 02 KBT1PNGJC7S');

insert into SHOPPINGCARTS (PRODUCTID, SALEID) values ('99LWR6F48AH12XU8IU92LM8 5YRY1T', 'H3 NAP YK0L8YNYJ68673CU2CNC97L');

